,household_key,Recency,Frequency,Monetary,KMeans_Unified,DBSCAN_Unified,HC_Unified
0,1,6,86,4330.16,1,1,1
1,2,44,45,1954.34,1,1,1
2,3,9,47,2653.21,1,1,1
3,4,85,30,1200.1100000000001,1,1,1
4,5,9,40,779.0600000000001,1,1,1
5,6,5,250,5996.16,1,1,0
6,7,3,59,3400.05,1,1,1
7,8,6,113,5534.97,1,1,1
8,9,23,20,797.42,1,1,1
9,10,27,9,234.34,1,1,1
10,11,300,5,33.39,2,1,2
11,12,208,7,266.21,2,1,2
12,13,3,275,13190.92,1,1,0
13,14,8,140,2761.19,1,1,1
14,15,7,55,972.53,1,1,1
15,16,22,98,1512.02,1,1,1
16,17,23,124,5139.63,1,1,1
17,18,1,163,7118.91,1,1,0
18,19,1,421,11299.61,1,1,0
19,20,1,387,7486.11,1,1,0
20,21,30,27,870.11,1,1,1
21,22,1,136,6256.04,1,1,1
22,23,1,110,3158.58,1,1,1
23,24,3,74,1911.11,1,1,1
24,25,7,94,3149.65,1,1,1
25,26,7,113,1937.39,1,1,1
26,27,1,405,5736.24,1,1,0
27,28,10,125,2119.62,1,1,1
28,29,3,69,1343.03,1,1,1
29,30,1,28,622.8,1,1,1
30,31,2,69,4396.9,1,1,1
31,32,1,116,3381.82,1,1,1
32,33,1,52,1200.74,1,1,1
33,34,3,36,407.38,1,1,1
34,35,5,60,1119.51,1,1,1
35,36,4,221,4898.25,1,1,0
36,37,2,63,2976.66,1,1,1
37,38,161,27,706.13,2,1,2
38,39,27,64,5033.66,1,1,1
39,40,2,400,12907.89,1,1,0
40,41,5,73,3107.13,1,1,1
41,42,2,89,1985.8600000000001,1,1,1
42,43,2,106,884.84,1,1,1
43,44,84,32,877.76,1,1,1
44,45,125,57,807.09,1,1,2
45,46,1,137,8433.43,1,1,0
46,47,4,111,2329.13,1,1,1
47,48,3,50,1172.83,1,1,1
48,49,10,121,6445.03,1,1,1
49,50,37,15,351.39,1,1,1
50,51,2,83,3046.86,1,1,1
51,52,1,139,5487.28,1,1,1
52,53,6,56,1962.26,1,1,1
53,54,217,11,103.09,2,1,2
54,55,9,141,1072.79,1,1,1
55,56,3,201,6691.53,1,1,0
56,57,3,194,3105.87,1,1,0
57,58,1,268,10367.08,1,1,0
58,59,28,44,1688.33,1,1,1
59,60,15,8,400.94,1,1,1
60,61,17,11,183.8,1,1,1
61,62,43,33,359.29,1,1,1
62,63,2,33,589.6,1,1,1
63,64,1,264,3917.81,1,1,0
64,65,41,122,2042.17,1,1,1
65,66,27,29,395.95,1,1,1
66,67,3,227,9618.9,1,1,0
67,68,6,553,4960.77,1,1,0
68,69,1,183,5704.34,1,1,0
69,70,7,32,76.4,1,1,1
70,71,1,90,3376.03,1,1,1
71,72,18,107,6473.43,1,1,1
72,73,50,164,2864.18,1,1,1
73,74,56,131,2047.64,1,1,1
74,75,3,64,1167.09,1,1,1
75,76,1,16,315.94,1,1,1
76,77,2,87,6227.1,1,1,1
77,78,3,210,2505.14,1,1,0
78,79,4,154,3950.12,1,1,1
79,80,18,94,3002.09,1,1,1
80,81,6,152,5553.7,1,1,1
81,82,4,51,566.51,1,1,1
82,83,2,110,1183.74,1,1,1
83,84,16,52,1208.09,1,1,1
84,85,2,282,4696.49,1,1,0
85,86,39,46,4019.44,1,1,1
86,87,5,45,1202.3,1,1,1
87,88,4,229,11615.66,1,1,0
88,89,74,11,177.56,1,1,1
89,90,35,10,490.41,1,1,1
90,91,2,181,2899.66,1,1,1
91,92,7,57,1587.38,1,1,1
92,93,161,106,3346.7200000000003,2,1,2
93,94,14,36,442.64,1,1,1
94,95,3,308,6500.18,1,1,0
95,96,4,59,1182.43,1,1,1
96,97,6,180,5323.95,1,1,1
97,98,2,205,2547.3,1,1,0
98,99,3,255,6926.15,1,1,0
99,100,21,33,2294.62,1,1,1
100,101,4,242,6651.58,1,1,0
101,102,533,8,304.84000000000003,2,0,2
102,103,3,51,541.99,1,1,1
103,104,1,128,6546.74,1,1,0
104,105,2,169,4591.67,1,1,1
105,106,7,67,2014.66,1,1,1
106,107,30,41,1222.83,1,1,1
107,108,23,62,2671.16,1,1,1
108,109,4,104,3501.07,1,1,1
109,110,1,185,3461.32,1,1,1
110,111,25,51,1515.65,1,1,1
111,112,14,80,1342.65,1,1,1
112,113,3,223,15324.95,1,1,0
113,114,4,88,3315.63,1,1,1
114,115,4,201,13262.1,1,1,0
115,116,2,83,647.72,1,1,1
116,117,1,94,2568.21,1,1,1
117,118,5,90,4526.21,1,1,1
118,119,3,62,2593.01,1,1,1
119,120,59,19,242.32,1,1,1
120,121,43,112,2225.58,1,1,1
121,122,41,132,2354.22,1,1,1
122,123,21,174,3222.65,1,1,1
123,124,1,61,683.41,1,1,1
124,125,8,358,10601.5,1,1,0
125,126,13,31,853.45,1,1,1
126,127,1,191,4658.2300000000005,1,1,1
127,128,1,41,1381.08,1,1,1
128,129,22,40,475.73,1,1,1
129,130,374,20,511.62,2,0,2
130,131,3,354,6156.22,1,1,0
131,132,7,98,2875.2400000000002,1,1,1
132,133,6,75,3823.89,1,1,1
133,134,3,86,5535.09,1,1,1
134,135,1,74,717.5,1,1,1
135,136,18,77,2804.82,1,1,1
136,137,86,38,1062.17,1,1,1
137,138,4,68,3529.19,1,1,1
138,139,2,83,3073.33,1,1,1
139,140,20,140,1720.64,1,1,1
140,141,4,52,448.34,1,1,1
141,142,2,176,2324.19,1,1,1
142,143,2,408,6574.2300000000005,1,1,0
143,144,63,88,2126.31,1,1,1
144,145,8,59,1470.49,1,1,1
145,146,7,41,843.02,1,1,1
146,147,17,36,1487.21,1,1,1
147,148,13,55,1231.76,1,1,1
148,149,61,215,11920.93,1,0,0
149,150,104,6,230.35,1,1,2
150,151,6,49,1226.14,1,1,1
151,152,16,37,1454.28,1,1,1
152,153,10,92,1558.65,1,1,1
153,154,75,30,867.1800000000001,1,1,1
154,155,7,52,2101.05,1,1,1
155,156,2,587,5224.07,1,1,0
156,157,3,172,2748.9500000000003,1,1,1
157,158,8,180,1869.79,1,1,1
158,159,15,86,2143.87,1,1,1
159,160,9,57,1536.09,1,1,1
160,161,2,266,6071.52,1,1,0
161,162,1,71,3037.54,1,1,1
162,163,58,17,272.52,1,1,1
163,164,4,116,4272.41,1,1,1
164,165,2,174,2995.47,1,1,1
165,166,6,122,3059.69,1,1,1
166,167,3,20,1268.02,1,1,1
167,168,12,37,510.8,1,1,1
168,169,37,24,255.58,1,1,1
169,170,19,45,2024.51,1,1,1
170,171,11,25,740.46,1,1,1
171,172,3,159,1770.8700000000001,1,1,1
172,173,318,10,234.97,2,1,2
173,174,43,27,1208.39,1,1,1
174,175,57,51,1154.02,1,1,1
175,176,101,23,788.29,1,1,2
176,177,20,50,1130.58,1,1,1
177,178,1,119,2028.47,1,1,1
178,179,190,38,620.5600000000001,2,1,2
179,180,16,68,2103.4,1,1,1
180,181,120,39,1670.82,1,1,2
181,182,56,36,1162.34,1,1,1
182,183,38,136,1560.67,1,1,1
183,184,1,257,7090.07,1,1,0
184,185,7,68,2137.62,1,1,1
185,186,6,3,59.52,1,1,1
186,187,7,59,701.0,1,1,1
187,188,16,43,1847.6200000000001,1,1,1
188,189,20,38,801.99,1,1,1
189,190,43,23,696.28,1,1,1
190,191,4,34,552.85,1,1,1
191,192,2,95,3778.08,1,1,1
192,193,18,136,4814.66,1,1,1
193,194,2,73,1882.81,1,1,1
194,195,1,91,4166.72,1,1,1
195,196,1,186,5261.19,1,1,1
196,197,2,55,1929.23,1,1,1
197,198,3,461,8659.17,1,1,0
198,199,11,54,667.97,1,1,1
199,200,2,80,1166.63,1,1,1
200,201,8,48,1435.17,1,1,1
201,202,16,37,964.88,1,1,1
202,203,2,42,908.83,1,1,1
203,204,6,57,929.27,1,1,1
204,205,4,106,3749.64,1,1,1
205,206,57,15,386.6,1,1,1
206,207,59,21,995.72,1,1,1
207,208,11,140,4296.33,1,1,1
208,209,2,196,6876.56,1,1,0
209,210,4,147,3772.56,1,1,1
210,211,2,112,2244.06,1,1,1
211,212,15,109,3052.66,1,1,1
212,213,37,9,606.5,1,1,1
213,214,8,86,2657.91,1,1,1
214,215,1,142,1672.66,1,1,1
215,216,1,120,2624.5,1,1,1
216,217,21,65,2435.12,1,1,1
217,218,1,164,9211.72,1,1,0
218,219,3,228,11884.79,1,1,0
219,220,33,91,2525.2400000000002,1,1,1
220,221,17,79,2879.29,1,1,1
221,222,3,130,5897.9,1,1,1
222,223,14,118,2738.98,1,1,1
223,224,6,56,1600.8,1,1,1
224,225,38,44,729.82,1,1,1
225,226,44,50,1205.06,1,1,1
226,227,7,135,1390.25,1,1,1
227,228,5,87,2404.81,1,1,1
228,229,20,40,1004.89,1,1,1
229,230,1,168,4521.01,1,1,1
230,231,259,9,325.68,2,1,2
231,232,40,631,12695.57,1,0,0
232,233,16,15,645.39,1,1,1
233,234,16,19,260.64,1,1,1
234,235,4,200,12156.64,1,1,0
235,236,4,47,1591.78,1,1,1
236,237,58,6,549.59,1,1,1
237,238,60,28,693.4,1,1,1
238,239,1,264,4671.2,1,1,0
239,240,8,31,365.61,1,1,1
240,241,40,16,199.73,1,1,1
241,242,1,87,5231.8,1,1,1
242,243,2,250,8074.12,1,1,0
243,244,35,41,1698.95,1,1,1
244,245,28,48,1396.45,1,1,1
245,246,20,47,847.25,1,1,1
246,247,8,59,1243.06,1,1,1
247,248,8,57,6039.01,1,1,1
248,249,8,137,2823.23,1,1,1
249,250,6,121,5991.84,1,1,1
250,251,9,83,2268.51,1,1,1
251,252,47,9,93.78,1,1,1
252,253,2,385,10993.710000000001,1,1,0
253,254,4,43,442.14,1,1,1
254,255,15,18,672.09,1,1,1
255,256,1,125,9850.35,1,1,0
256,257,14,122,2689.9900000000002,1,1,1
257,258,2,211,2631.11,1,1,0
258,259,18,54,1158.33,1,1,1
259,260,13,30,425.04,1,1,1
260,261,62,44,1241.8700000000001,1,1,1
261,262,15,218,4802.27,1,1,0
262,263,4,325,5870.33,1,1,0
263,264,32,61,1783.07,1,1,1
264,265,2,53,1881.76,1,1,1
265,266,15,59,3130.2200000000003,1,1,1
266,267,37,26,385.56,1,1,1
267,268,36,30,809.21,1,1,1
268,269,5,84,1764.76,1,1,1
269,270,4,41,923.46,1,1,1
270,271,8,98,1375.52,1,1,1
271,272,255,7,401.62,2,1,2
272,273,2,127,2500.86,1,1,1
273,274,38,15,120.07000000000001,1,1,1
274,275,1,321,6284.99,1,1,0
275,276,3,173,5758.71,1,1,0
276,277,18,31,754.05,1,1,1
277,278,6,84,2053.56,1,1,1
278,279,57,53,1816.6200000000001,1,1,1
279,280,4,105,2375.86,1,1,1
280,281,6,79,1495.08,1,1,1
281,282,1,110,4162.56,1,1,1
282,283,12,78,6023.37,1,1,1
283,284,7,21,534.98,1,1,1
284,285,2,202,4227.64,1,1,1
285,286,1,41,1245.24,1,1,1
286,287,3,271,3229.28,1,1,0
287,288,3,92,3114.77,1,1,1
288,289,14,183,5970.47,1,1,0
289,290,2,290,5524.34,1,1,0
290,291,24,61,2474.4900000000002,1,1,1
291,292,8,83,977.07,1,1,1
292,293,18,108,3957.66,1,1,1
293,294,2,269,5411.36,1,1,0
294,295,1,5,149.31,1,1,1
295,296,15,12,149.25,1,1,1
296,297,14,114,3535.62,1,1,1
297,298,420,7,224.86,2,2,2
298,299,2,11,242.24,1,1,1
299,300,27,107,4974.31,1,1,1
300,301,1,81,7211.68,1,1,0
301,302,21,95,1797.53,1,1,1
302,303,1,199,4879.67,1,1,0
303,304,1,304,8586.28,1,1,0
304,305,3,141,3827.02,1,1,1
305,306,1,185,5716.7300000000005,1,1,0
306,307,2,415,2582.03,1,0,0
307,308,2,83,2465.26,1,1,1
308,309,88,22,2325.59,1,1,2
309,310,6,9,184.02,1,1,1
310,311,3,51,1351.13,1,1,1
311,312,16,40,2578.05,1,1,1
312,313,626,4,92.54,2,2,2
313,314,5,41,3004.01,1,1,1
314,315,85,11,182.19,1,1,1
315,316,1,53,1037.78,1,1,1
316,317,2,61,6083.3,1,1,1
317,318,1,92,1242.25,1,1,1
318,319,22,109,3758.5,1,1,1
319,320,23,19,497.41,1,1,1
320,321,22,106,5935.66,1,1,1
321,322,4,71,2418.88,1,1,1
322,323,1,14,156.99,1,1,1
323,324,1,150,8554.87,1,1,0
324,325,14,75,2850.58,1,1,1
325,326,1,26,739.72,1,1,1
326,327,41,27,226.71,1,1,1
327,328,4,239,17332.13,1,0,0
328,329,6,146,3026.71,1,1,1
329,330,26,189,1679.38,1,1,1
330,331,21,65,1273.3,1,1,1
331,332,5,118,5519.02,1,1,1
332,333,34,39,1248.81,1,1,1
333,334,1,466,4827.8,1,1,0
334,335,6,147,2822.18,1,1,1
335,336,25,120,3089.7400000000002,1,1,1
336,337,13,61,933.59,1,1,1
337,338,3,154,2690.97,1,1,1
338,339,16,67,1668.92,1,1,1
339,340,85,29,1057.56,1,1,1
340,341,75,30,393.5,1,1,1
341,342,9,48,2125.51,1,1,1
342,343,7,67,1650.64,1,1,1
343,344,1,48,2237.91,1,1,1
344,345,1,182,5741.08,1,1,0
345,346,6,124,5351.41,1,1,1
346,347,43,15,540.76,1,1,1
347,348,3,126,2961.83,1,1,1
348,349,6,34,869.16,1,1,1
349,350,2,103,3083.25,1,1,1
350,351,3,296,7659.67,1,1,0
351,352,18,6,178.7,1,1,1
352,353,12,125,3799.2000000000003,1,1,1
353,354,3,157,8729.87,1,1,0
354,355,341,7,340.34,2,1,2
355,356,5,234,2837.33,1,1,0
356,357,16,22,1704.27,1,1,1
357,358,1,371,12729.34,1,1,0
358,359,658,2,172.85,2,2,2
359,360,2,37,447.6,1,1,1
360,361,1,217,8747.1,1,1,0
361,362,6,91,2987.4900000000002,1,1,1
362,363,131,4,52.4,1,1,2
363,364,7,86,2566.92,1,1,1
364,365,15,170,7048.43,1,1,0
365,366,37,48,615.78,1,1,1
366,367,4,114,7186.37,1,1,0
367,368,19,53,1346.46,1,1,1
368,369,3,35,1034.95,1,1,1
369,370,156,133,3386.78,1,1,2
370,371,1,161,15716.54,1,1,0
371,372,216,10,440.42,2,1,2
372,373,4,13,96.91,1,1,1
373,374,7,163,7099.56,1,1,0
374,375,16,24,203.94,1,1,1
375,376,2,493,4714.62,1,1,0
376,377,1,133,3166.45,1,1,1
377,378,4,325,4715.42,1,1,0
378,379,5,2,55.64,1,1,1
379,380,1,129,7726.4400000000005,1,1,0
380,381,13,93,3120.79,1,1,1
381,382,37,34,694.7,1,1,1
382,383,19,150,5763.4400000000005,1,1,1
383,384,6,80,3914.84,1,1,1
384,385,11,41,2929.72,1,1,1
385,386,2,281,4676.43,1,1,0
386,387,8,131,5697.25,1,1,1
387,388,4,58,1286.54,1,1,1
388,389,2,271,14880.92,1,1,0
389,390,3,108,1806.02,1,1,1
390,391,99,49,1412.64,1,1,2
391,392,3,104,11443.97,1,1,0
392,393,1,180,3895.2400000000002,1,1,1
393,394,2,65,1565.89,1,1,1
394,395,2,68,872.91,1,1,1
395,396,7,107,1790.73,1,1,1
396,397,6,248,6161.99,1,1,0
397,398,11,125,2092.6,1,1,1
398,399,49,17,978.48,1,1,1
399,400,1,310,18494.14,1,1,0
400,401,6,96,2538.88,1,1,1
401,402,7,80,2233.84,1,1,1
402,403,70,46,914.56,1,1,1
403,404,3,240,6107.18,1,1,0
404,405,6,98,3652.97,1,1,1
405,406,1,45,1776.65,1,1,1
406,407,2,52,696.38,1,1,1
407,408,14,56,2470.9900000000002,1,1,1
408,409,3,135,4499.85,1,1,1
409,410,1,129,1148.42,1,1,1
410,411,7,158,6697.21,1,1,0
411,412,1,112,2426.3,1,1,1
412,413,10,284,5963.78,1,1,0
413,414,8,153,2488.65,1,1,1
414,415,18,16,514.63,1,1,1
415,416,137,29,2177.04,1,1,2
416,417,9,84,3012.96,1,1,1
417,418,1,256,6960.96,1,1,0
418,419,71,46,1696.6100000000001,1,1,1
419,420,1,99,2130.58,1,1,1
420,421,7,194,6013.04,1,1,0
421,422,1,20,983.32,1,1,1
422,423,123,14,230.85,1,1,2
423,424,25,24,2441.79,1,1,1
424,425,2,151,5543.91,1,1,1
425,426,2,228,7860.85,1,1,0
426,427,2,53,1073.01,1,1,1
427,428,19,95,3361.43,1,1,1
428,429,3,43,542.89,1,1,1
429,430,6,107,2377.09,1,1,1
430,431,2,36,531.67,1,1,1
431,432,1,257,3486.55,1,1,0
432,433,16,76,949.82,1,1,1
433,434,4,117,3778.75,1,1,1
434,435,1,93,1817.22,1,1,1
435,436,15,30,2318.7400000000002,1,1,1
436,437,4,90,5915.7300000000005,1,1,1
437,438,8,67,4456.52,1,1,1
438,439,1,38,568.21,1,1,1
439,440,223,6,83.88,2,1,2
440,441,3,76,2369.9,1,1,1
441,442,1,214,3094.71,1,1,0
442,443,1,103,2644.21,1,1,1
443,444,141,44,1261.6200000000001,1,1,2
444,445,76,232,2696.5,1,0,1
445,446,10,30,212.05,1,1,1
446,447,3,136,1670.44,1,1,1
447,448,6,45,493.37,1,1,1
448,449,7,34,827.44,1,1,1
449,450,17,65,1540.45,1,1,1
450,451,1,161,2376.28,1,1,1
451,452,21,26,786.99,1,1,1
452,453,3,34,742.95,1,1,1
453,454,2,356,8215.93,1,1,0
454,455,5,25,1253.4,1,1,1
455,456,11,94,6314.03,1,1,1
456,457,18,78,718.0,1,1,1
457,458,3,127,1685.64,1,1,1
458,459,8,67,1194.94,1,1,1
459,460,5,113,760.45,1,1,1
460,461,28,39,664.8,1,1,1
461,462,6,97,1510.63,1,1,1
462,463,1,587,5803.3,1,1,0
463,464,3,173,3590.4900000000002,1,1,1
464,465,16,44,382.55,1,1,1
465,466,42,17,423.32,1,1,1
466,467,6,145,2642.9900000000002,1,1,1
467,468,1,334,5835.68,1,1,0
468,469,14,165,7748.49,1,1,0
469,470,5,156,2305.0,1,1,1
470,471,2,51,1530.1200000000001,1,1,1
471,472,49,96,8295.58,1,1,0
472,473,3,70,3208.71,1,1,1
473,474,1,36,2102.36,1,1,1
474,475,3,41,1525.02,1,1,1
475,476,67,29,1551.27,1,1,1
476,477,18,65,812.28,1,1,1
477,478,36,20,286.02,1,1,1
478,479,8,185,1773.3,1,1,1
479,480,39,92,3646.39,1,1,1
480,481,27,49,2055.92,1,1,1
481,482,2,61,1848.52,1,1,1
482,483,2,98,2718.9900000000002,1,1,1
483,484,6,137,2964.51,1,1,1
484,485,2,162,5431.01,1,1,1
485,486,18,29,922.39,1,1,1
486,487,43,9,133.68,1,1,1
487,488,51,20,406.96,1,1,1
488,489,1,212,5866.56,1,1,0
489,490,20,80,3886.87,1,1,1
490,491,3,124,4835.71,1,1,1
491,492,79,117,7148.28,1,0,0
492,493,4,196,4925.56,1,1,0
493,494,618,1,8.17,2,2,2
494,495,30,73,3050.52,1,1,1
495,496,60,13,648.4,1,1,1
496,497,9,63,766.4,1,1,1
497,498,2,58,904.1800000000001,1,1,1
498,499,168,70,753.36,2,1,2
499,500,259,5,84.82000000000001,2,1,2
500,501,17,22,478.13,1,1,1
501,502,10,57,2298.84,1,1,1
502,503,2,151,4723.8,1,1,1
503,504,92,7,516.34,1,1,1
504,505,8,18,188.54,1,1,1
505,506,2,32,1254.17,1,1,1
506,507,20,66,1455.43,1,1,1
507,508,20,55,1190.51,1,1,1
508,509,145,16,277.14,2,1,2
509,510,5,346,7903.36,1,1,0
510,511,1,373,5425.53,1,1,0
511,512,6,25,1114.44,1,1,1
512,513,7,161,12130.01,1,1,0
513,514,13,66,2339.27,1,1,1
514,515,2,47,1826.73,1,1,1
515,516,6,17,295.23,1,1,1
516,517,8,105,3742.89,1,1,1
517,518,6,153,4926.37,1,1,1
518,519,53,32,819.13,1,1,1
519,520,1,112,2071.15,1,1,1
520,521,18,53,858.8000000000001,1,1,1
521,522,221,3,29.340000000000003,2,1,2
522,523,2,277,5731.87,1,1,0
523,524,18,72,1984.58,1,1,1
524,525,28,40,902.77,1,1,1
525,526,5,183,4574.92,1,1,1
526,527,4,130,3581.52,1,1,1
527,528,7,17,373.83,1,1,1
528,529,19,56,1831.14,1,1,1
529,530,21,53,1476.22,1,1,1
530,531,1,40,1060.64,1,1,1
531,532,63,23,401.88,1,1,1
532,533,20,64,2792.87,1,1,1
533,534,3,465,1315.44,1,0,0
534,535,80,34,1308.76,1,1,1
535,536,3,87,1557.13,1,1,1
536,537,38,45,1411.25,1,1,1
537,538,8,69,4382.21,1,1,1
538,539,1,65,1269.09,1,1,1
539,540,5,93,3280.73,1,1,1
540,541,21,47,1784.19,1,1,1
541,542,20,123,2313.52,1,1,1
542,543,1,104,3697.55,1,1,1
543,544,28,131,1594.85,1,1,1
544,545,4,56,2660.28,1,1,1
545,546,79,122,3339.0,1,1,1
546,547,7,55,1676.76,1,1,1
547,548,28,93,4255.83,1,1,1
548,549,2,98,2299.35,1,1,1
549,550,1,39,854.91,1,1,1
550,551,13,52,853.65,1,1,1
551,552,8,44,2289.47,1,1,1
552,553,1,265,7259.09,1,1,0
553,554,17,21,1524.33,1,1,1
554,555,111,21,561.03,1,1,2
555,556,44,15,693.86,1,1,1
556,557,29,29,718.46,1,1,1
557,558,8,115,2426.35,1,1,1
558,559,223,27,249.34,2,1,2
559,560,1,326,7290.9,1,1,0
560,561,11,26,1404.3600000000001,1,1,1
561,562,17,79,3178.11,1,1,1
562,563,5,72,2488.77,1,1,1
563,564,3,52,842.45,1,1,1
564,565,5,21,498.06,1,1,1
565,566,1,146,1218.08,1,1,1
566,567,1,254,3134.9,1,1,0
567,568,2,180,8612.85,1,1,0
568,569,2,102,6749.1900000000005,1,1,0
569,570,1,35,1400.1100000000001,1,1,1
570,571,107,16,1114.16,1,1,2
571,572,196,45,903.15,2,1,2
572,573,16,102,3111.55,1,1,1
573,574,1,120,6753.54,1,1,0
574,575,1,356,11771.13,1,1,0
575,576,33,167,3750.12,1,1,1
576,577,5,39,4399.53,1,1,1
577,578,8,117,2996.69,1,1,1
578,579,7,23,435.26,1,1,1
579,580,6,98,1337.7,1,1,1
580,581,12,146,5060.44,1,1,1
581,582,3,142,5137.74,1,1,1
582,583,22,156,3063.34,1,1,1
583,584,177,56,1098.3,2,1,2
584,585,22,42,805.07,1,1,1
585,586,1,211,5822.64,1,1,0
586,587,1,27,247.93,1,1,1
587,588,2,262,9540.54,1,1,0
588,589,20,17,298.97,1,1,1
589,590,4,134,3338.41,1,1,1
590,591,1,325,13534.93,1,1,0
591,592,54,34,660.79,1,1,1
592,593,21,57,646.4,1,1,1
593,594,7,104,2421.39,1,1,1
594,595,3,146,2373.7400000000002,1,1,1
595,596,1,113,2996.37,1,1,1
596,597,4,100,3826.25,1,1,1
597,598,2,213,3354.9,1,1,0
598,599,68,5,357.78000000000003,1,1,1
599,600,1,166,5520.3,1,1,1
600,601,2,79,5241.27,1,1,1
601,602,35,53,1850.07,1,1,1
602,603,2,182,3219.5,1,1,1
603,604,1,56,2311.65,1,1,1
604,605,4,128,5856.38,1,1,1
605,606,4,97,3323.12,1,1,1
606,607,6,216,3203.01,1,1,0
607,608,1,217,5148.9800000000005,1,1,0
608,609,1,162,1665.89,1,1,1
609,610,36,24,573.0600000000001,1,1,1
610,611,3,73,2316.24,1,1,1
611,612,1,144,3978.7200000000003,1,1,1
612,613,12,11,347.31,1,1,1
613,614,4,122,2757.2400000000002,1,1,1
614,615,14,24,346.4,1,1,1
615,616,10,10,476.14,1,1,1
616,617,20,27,1315.54,1,1,1
617,618,2,544,7343.87,1,1,0
618,619,107,5,168.98,1,1,2
619,620,141,19,304.98,2,1,2
620,621,2,142,3179.15,1,1,1
621,622,2,147,2384.37,1,1,1
622,623,1,124,3899.16,1,1,1
623,624,7,160,6003.47,1,1,0
624,625,3,34,1233.92,1,1,1
625,626,13,25,649.33,1,1,1
626,627,5,45,1785.46,1,1,1
627,628,5,18,1147.99,1,1,1
628,629,82,27,377.49,1,1,1
629,630,1,206,7746.27,1,1,0
630,631,1,483,9277.72,1,1,0
631,632,3,94,3370.68,1,1,1
632,633,1,167,5493.89,1,1,1
633,634,243,35,1555.15,2,1,2
634,635,57,34,362.9,1,1,1
635,636,2,227,9045.17,1,1,0
636,637,4,113,2510.04,1,1,1
637,638,5,164,8039.29,1,1,0
638,639,92,79,759.83,1,1,2
639,640,32,92,2253.25,1,1,1
640,641,3,355,13221.75,1,1,0
641,642,125,64,2208.34,1,1,2
642,643,8,31,1415.59,1,1,1
643,644,2,214,3772.03,1,1,0
644,645,170,49,429.06,2,1,2
645,646,22,41,1691.72,1,1,1
646,647,1,129,6326.74,1,1,1
647,648,6,73,1910.4,1,1,1
648,649,156,55,1553.45,2,1,2
649,650,17,78,1415.65,1,1,1
650,651,181,8,370.53000000000003,2,1,2
651,652,1,48,1800.09,1,1,1
652,653,10,228,10822.55,1,1,0
653,654,5,146,2330.08,1,1,1
654,655,2,61,1991.29,1,1,1
655,656,17,95,5040.28,1,1,1
656,657,9,20,119.8,1,1,1
657,658,9,49,1052.48,1,1,1
658,659,27,32,760.89,1,1,1
659,660,3,168,7954.28,1,1,0
660,661,2,394,8271.31,1,1,0
661,662,19,39,1381.73,1,1,1
662,663,3,105,3199.53,1,1,1
663,664,21,31,995.08,1,1,1
664,665,2,39,715.98,1,1,1
665,666,3,100,1020.7,1,1,1
666,667,4,66,1121.2,1,1,1
667,668,1,57,1151.04,1,1,1
668,669,6,119,9164.15,1,1,0
669,670,4,192,5685.67,1,1,0
670,671,18,127,5089.66,1,1,1
671,672,2,121,2731.15,1,1,1
672,673,1,50,704.61,1,1,1
673,674,1,139,4727.57,1,1,1
674,675,1,223,4832.38,1,1,0
675,676,4,376,10741.1,1,1,0
676,677,2,45,1600.99,1,1,1
677,678,168,57,459.17,2,1,2
678,679,3,262,6494.31,1,1,0
679,680,12,96,3513.02,1,1,1
680,681,1,66,2773.19,1,1,1
681,682,143,217,4438.29,1,0,2
682,683,115,9,170.06,1,1,2
683,684,1,107,2052.67,1,1,1
684,685,4,201,6019.77,1,1,0
685,686,56,21,534.57,1,1,1
686,687,4,69,3205.8,1,1,1
687,688,20,28,3207.61,1,1,1
688,689,325,3,28.96,2,1,2
689,690,2,273,4963.14,1,1,0
690,691,8,54,2511.33,1,1,1
691,692,2,124,3891.14,1,1,1
692,693,16,209,6378.8,1,1,0
693,694,1,154,1756.64,1,1,1
694,695,2,226,8523.93,1,1,0
695,696,4,326,14715.53,1,1,0
696,697,13,62,2823.59,1,1,1
697,698,3,127,1204.49,1,1,1
698,699,6,150,10353.0,1,1,0
699,700,7,39,2981.04,1,1,1
700,701,10,39,2593.56,1,1,1
701,702,4,276,8205.68,1,1,0
702,703,4,219,9475.69,1,1,0
703,704,188,9,76.53,2,1,2
704,705,19,93,1385.93,1,1,1
705,706,1,133,4024.6,1,1,1
706,707,1,498,19194.420000000002,1,0,0
707,708,6,68,2828.06,1,1,1
708,709,6,156,5536.4,1,1,1
709,710,2,229,3724.48,1,1,0
710,711,3,36,429.79,1,1,1
711,712,2,256,11711.02,1,1,0
712,713,20,24,540.9,1,1,1
713,714,1,294,4117.34,1,1,0
714,715,1,178,3712.14,1,1,1
715,716,4,81,1290.68,1,1,1
716,717,21,51,616.72,1,1,1
717,718,5,599,19299.86,1,0,0
718,719,9,34,1098.51,1,1,1
719,720,6,86,1678.8,1,1,1
720,721,10,46,553.57,1,1,1
721,722,7,136,6437.62,1,1,1
722,723,7,23,1230.83,1,1,1
723,724,52,26,639.3,1,1,1
724,725,1,133,4828.58,1,1,1
725,726,1,71,2220.15,1,1,1
726,727,1,118,4923.13,1,1,1
727,728,6,475,10732.91,1,1,0
728,729,10,32,1159.32,1,1,1
729,730,7,92,1111.69,1,1,1
730,731,10,233,3151.31,1,1,0
731,732,3,104,3967.82,1,1,1
732,733,8,76,2678.56,1,1,1
733,734,15,76,1319.76,1,1,1
734,735,25,92,1062.25,1,1,1
735,736,7,60,3061.62,1,1,1
736,737,61,52,1593.51,1,1,1
737,738,1,101,2593.12,1,1,1
738,739,423,6,160.06,2,2,2
739,740,1,113,6644.85,1,1,0
740,741,7,88,3414.6,1,1,1
741,742,9,328,3950.96,1,1,0
742,743,14,71,1988.97,1,1,1
743,744,7,158,4730.31,1,1,1
744,745,2,180,6713.51,1,1,0
745,746,124,39,569.0500000000001,1,1,2
746,747,3,136,1166.73,1,1,1
747,748,10,84,2709.18,1,1,1
748,749,7,77,1066.62,1,1,1
749,750,3,49,598.62,1,1,1
750,751,57,27,521.04,1,1,1
751,752,3,106,3792.56,1,1,1
752,753,1,50,2177.13,1,1,1
753,754,13,32,1535.13,1,1,1
754,755,3,307,10617.05,1,1,0
755,756,71,24,690.42,1,1,1
756,757,44,40,2023.3700000000001,1,1,1
757,758,25,17,344.92,1,1,1
758,759,7,41,1274.09,1,1,1
759,760,163,70,1872.52,2,1,2
760,761,1,178,9036.01,1,1,0
761,762,1,886,8982.79,1,0,0
762,763,93,40,2815.58,1,1,2
763,764,9,112,3196.78,1,1,1
764,765,2,30,1586.58,1,1,1
765,766,11,122,8350.09,1,1,0
766,767,33,13,562.77,1,1,1
767,768,2,466,6681.35,1,1,0
768,769,7,46,1543.63,1,1,1
769,770,14,43,2246.36,1,1,1
770,771,1,497,7990.97,1,1,0
771,772,26,42,271.88,1,1,1
772,773,9,22,899.63,1,1,1
773,774,56,16,909.96,1,1,1
774,775,198,33,1121.0,2,1,2
775,776,6,72,3153.7,1,1,1
776,777,2,40,2745.75,1,1,1
777,778,102,123,2285.59,1,1,2
778,779,2,86,3918.28,1,1,1
779,780,7,67,579.72,1,1,1
780,781,7,57,1665.51,1,1,1
781,782,49,70,1557.05,1,1,1
782,783,126,17,387.34,1,1,2
783,784,4,134,3117.66,1,1,1
784,785,5,103,2089.8,1,1,1
785,786,6,204,7434.07,1,1,0
786,787,3,190,2504.59,1,1,1
787,788,3,295,7514.2,1,1,0
788,789,3,26,370.3,1,1,1
789,790,8,58,2842.63,1,1,1
790,791,90,21,303.01,1,1,1
791,792,1,23,337.11,1,1,1
792,793,9,107,1832.03,1,1,1
793,794,15,32,1752.5,1,1,1
794,795,41,45,1295.91,1,1,1
795,796,12,50,445.65,1,1,1
796,797,6,92,3059.57,1,1,1
797,798,7,54,1586.58,1,1,1
798,799,3,68,2084.11,1,1,1
799,800,1,443,10426.58,1,1,0
800,801,5,29,1652.07,1,1,1
801,802,10,59,2154.43,1,1,1
802,803,5,65,2036.84,1,1,1
803,804,7,221,3917.7400000000002,1,1,0
804,805,2,304,5565.47,1,1,0
805,806,1,125,5875.35,1,1,1
806,807,8,123,4014.02,1,1,1
807,808,1,206,2317.9,1,1,0
808,809,21,57,619.75,1,1,1
809,810,18,37,540.1,1,1,1
810,811,15,39,680.23,1,1,1
811,812,26,93,1165.27,1,1,1
812,813,4,33,2065.1,1,1,1
813,814,25,23,773.76,1,1,1
814,815,18,47,1802.37,1,1,1
815,816,16,106,3468.66,1,1,1
816,817,6,147,4801.85,1,1,1
817,818,1,52,1724.59,1,1,1
818,819,11,6,161.75,1,1,1
819,820,1,208,4603.9800000000005,1,1,0
820,821,92,17,464.56,1,1,1
821,822,13,42,866.5600000000001,1,1,1
822,823,7,117,2590.15,1,1,1
823,824,1,57,1167.03,1,1,1
824,825,4,242,11835.02,1,1,0
825,826,27,26,203.01,1,1,1
826,827,3,20,326.88,1,1,1
827,828,212,37,1123.16,2,1,2
828,829,14,32,1635.21,1,1,1
829,830,1,231,1694.32,1,1,0
830,831,6,166,8831.35,1,1,0
831,832,12,14,479.24,1,1,1
832,833,107,34,1975.56,1,1,2
833,834,5,28,946.28,1,1,1
834,835,124,17,273.81,1,1,2
835,836,21,75,1564.35,1,1,1
836,837,4,36,793.38,1,1,1
837,838,2,32,384.69,1,1,1
838,839,20,10,846.7,1,1,1
839,840,1,214,11944.57,1,1,0
840,841,1,157,2550.37,1,1,1
841,842,12,506,7527.27,1,1,0
842,843,2,74,2619.23,1,1,1
843,844,2,141,5399.64,1,1,1
844,845,7,117,5097.28,1,1,1
845,846,28,34,1120.9,1,1,1
846,847,4,53,1463.32,1,1,1
847,848,8,29,2684.13,1,1,1
848,849,4,62,4599.52,1,1,1
849,850,11,97,1252.91,1,1,1
850,851,50,21,166.78,1,1,1
851,852,8,95,1943.73,1,1,1
852,853,2,516,13497.29,1,0,0
853,854,34,36,551.87,1,1,1
854,855,2,216,5617.79,1,1,0
855,856,2,182,5080.04,1,1,1
856,857,9,43,4040.81,1,1,1
857,858,2,42,594.23,1,1,1
858,859,2,194,7074.2,1,1,0
859,860,76,52,261.06,1,1,1
860,861,6,34,1382.53,1,1,1
861,862,1,71,1753.9,1,1,1
862,863,1,146,2183.53,1,1,1
863,864,1,109,7892.97,1,1,0
864,865,17,35,1887.73,1,1,1
865,866,19,136,5519.35,1,1,1
866,867,1,182,6088.84,1,1,0
867,868,4,162,6836.65,1,1,0
868,869,2,130,1428.67,1,1,1
869,870,294,12,241.41,2,1,2
870,871,3,132,10435.960000000001,1,1,0
871,872,22,9,172.07,1,1,1
872,873,14,113,2938.15,1,1,1
873,874,155,5,222.22,2,1,2
874,875,23,68,1473.27,1,1,1
875,876,4,200,5899.04,1,1,0
876,877,12,63,3355.07,1,1,1
877,878,3,181,5980.72,1,1,0
878,879,8,96,2448.6,1,1,1
879,880,39,12,197.39,1,1,1
880,881,1,139,4295.11,1,1,1
881,882,10,240,4609.8,1,1,0
882,883,2,352,10165.13,1,1,0
883,884,3,70,674.35,1,1,1
884,885,3,87,2602.8,1,1,1
885,886,3,198,4890.11,1,1,0
886,887,18,48,1133.71,1,1,1
887,888,6,79,8689.01,1,1,0
888,889,1,216,12983.01,1,1,0
889,890,18,31,1068.91,1,1,1
890,891,1,113,7035.21,1,1,0
891,892,107,22,443.31,1,1,2
892,893,3,111,4729.01,1,1,1
893,894,28,31,1095.29,1,1,1
894,895,12,211,8700.15,1,1,0
895,896,6,112,5274.46,1,1,1
896,897,2,62,840.23,1,1,1
897,898,1,315,8355.23,1,1,0
898,899,74,12,315.15,1,1,1
899,900,1,1223,16450.53,1,0,0
900,901,3,76,2766.7,1,1,1
901,902,106,10,135.23000000000002,1,1,2
902,903,11,72,2949.56,1,1,1
903,904,2,31,890.25,1,1,1
904,905,52,31,851.9300000000001,1,1,1
905,906,1,382,7048.71,1,1,0
906,907,4,92,1953.06,1,1,1
907,908,5,199,6097.47,1,1,0
908,909,1,713,12414.56,1,0,0
909,910,70,34,1158.1100000000001,1,1,1
910,911,21,75,3696.76,1,1,1
911,912,96,20,1164.11,1,1,1
912,913,9,69,1830.63,1,1,1
913,914,3,60,1834.08,1,1,1
914,915,5,119,970.11,1,1,1
915,916,4,206,3764.6,1,1,0
916,917,144,44,488.48,2,1,2
917,918,107,152,3135.38,1,1,1
918,919,2,135,1469.45,1,1,1
919,920,2,238,5887.36,1,1,0
920,921,107,9,101.3,1,1,2
921,922,14,150,3336.9900000000002,1,1,1
922,923,4,164,3305.54,1,1,1
923,924,4,95,2336.18,1,1,1
924,925,61,79,485.24,1,1,1
925,926,8,241,7274.1,1,1,0
926,927,15,46,1530.88,1,1,1
927,928,6,137,3571.7,1,1,1
928,929,6,244,5342.55,1,1,0
929,930,1,43,966.88,1,1,1
930,931,44,42,4967.07,1,1,1
931,932,21,158,5845.96,1,1,1
932,933,54,79,2175.19,1,1,1
933,934,4,234,10709.38,1,1,0
934,935,22,57,1564.67,1,1,1
935,936,1,502,7089.49,1,1,0
936,937,4,68,1669.89,1,1,1
937,938,70,26,1647.3600000000001,1,1,1
938,939,3,154,5254.66,1,1,1
939,940,31,65,1261.6200000000001,1,1,1
940,941,2,122,2206.06,1,1,1
941,942,32,215,5890.14,1,1,0
942,943,33,144,3434.14,1,1,1
943,944,11,104,2859.76,1,1,1
944,945,9,51,1926.03,1,1,1
945,946,3,136,2530.45,1,1,1
946,947,2,221,2305.51,1,1,0
947,948,340,4,304.85,2,1,2
948,949,5,134,5799.97,1,1,1
949,950,102,58,2027.0,1,1,2
950,951,1,18,690.22,1,1,1
951,952,4,111,2201.47,1,1,1
952,953,12,114,2513.39,1,1,1
953,954,18,53,2537.43,1,1,1
954,955,1,274,4053.69,1,1,0
955,956,1,621,10231.93,1,0,0
956,957,1,576,3754.9,1,1,0
957,958,5,11,313.37,1,1,1
958,959,4,60,1074.69,1,1,1
959,960,2,106,2447.4900000000002,1,1,1
960,961,14,72,3956.27,1,1,1
961,962,20,53,1530.44,1,1,1
962,963,124,43,2036.66,1,1,2
963,964,5,88,2044.8500000000001,1,1,1
964,965,8,52,1764.07,1,1,1
965,966,58,16,202.06,1,1,1
966,967,46,10,299.38,1,1,1
967,968,1,167,9805.11,1,1,0
968,969,28,8,311.59000000000003,1,1,1
969,970,12,15,691.45,1,1,1
970,971,1,126,3676.15,1,1,1
971,972,2,197,4219.18,1,1,1
972,973,2,84,13486.32,1,0,0
973,974,2,43,1993.06,1,1,1
974,975,1,182,4769.31,1,1,1
975,976,6,82,6190.51,1,1,1
976,977,15,34,1036.52,1,1,1
977,978,1,71,3014.35,1,1,1
978,979,2,205,12854.66,1,1,0
979,980,15,29,1330.22,1,1,1
980,981,22,36,1394.1100000000001,1,1,1
981,982,2,412,18790.34,1,0,0
982,983,1,196,3807.15,1,1,1
983,984,28,32,1219.71,1,1,1
984,985,3,110,2057.47,1,1,1
985,986,14,90,1827.8700000000001,1,1,1
986,987,11,75,2334.53,1,1,1
987,988,1,196,6109.18,1,1,0
988,989,5,174,4663.38,1,1,1
989,990,142,16,247.12,2,1,2
990,991,47,31,1419.8799999999999,1,1,1
991,992,1,102,823.35,1,1,1
992,993,9,126,3064.87,1,1,1
993,994,9,21,581.45,1,1,1
994,995,9,21,1217.16,1,1,1
995,996,1,139,2220.85,1,1,1
996,997,1,92,4646.81,1,1,1
997,998,9,250,8305.39,1,1,0
998,999,13,57,2154.25,1,1,1
999,1000,6,138,4150.76,1,1,1
1000,1001,2,90,4082.0,1,1,1
1001,1002,1,30,973.9300000000001,1,1,1
1002,1003,29,63,2588.73,1,1,1
1003,1004,3,253,3708.7200000000003,1,1,0
1004,1005,1,180,2470.09,1,1,1
1005,1006,50,11,161.48,1,1,1
1006,1007,3,122,1368.97,1,1,1
1007,1008,22,40,511.12,1,1,1
1008,1009,126,23,125.52,1,1,2
1009,1010,2,91,2486.39,1,1,1
1010,1011,8,140,3495.2,1,1,1
1011,1012,39,121,2342.51,1,1,1
1012,1013,7,35,947.03,1,1,1
1013,1014,9,161,4199.76,1,1,1
1014,1015,2,108,3807.72,1,1,1
1015,1016,58,40,3089.84,1,1,1
1016,1017,11,63,3436.26,1,1,1
1017,1018,5,167,2138.59,1,1,1
1018,1019,9,53,1553.56,1,1,1
1019,1020,1,171,9561.460000000001,1,1,0
1020,1021,4,99,2086.12,1,1,1
1021,1022,131,36,263.27,1,1,2
1022,1023,2,603,38319.79,1,0,0
1023,1024,5,145,9448.75,1,1,0
1024,1025,16,81,3552.13,1,1,1
1025,1026,281,26,412.54,2,1,2
1026,1027,2,41,1064.99,1,1,1
1027,1028,154,12,121.91,2,1,2
1028,1029,4,276,13785.55,1,1,0
1029,1030,48,30,1260.29,1,1,1
1030,1031,155,146,4232.12,1,1,2
1031,1032,56,92,2473.76,1,1,1
1032,1033,72,26,1366.97,1,1,1
1033,1034,14,70,840.87,1,1,1
1034,1035,305,4,183.04,2,1,2
1035,1036,54,27,1231.17,1,1,1
1036,1037,1,33,1076.69,1,1,1
1037,1038,10,275,1602.0,1,1,0
1038,1039,3,82,5168.38,1,1,1
1039,1040,2,229,5664.74,1,1,0
1040,1041,1,291,7156.7,1,1,0
1041,1042,6,248,5284.12,1,1,0
1042,1043,44,19,988.73,1,1,1
1043,1044,6,20,423.51,1,1,1
1044,1045,2,295,4893.11,1,1,0
1045,1046,17,153,4314.95,1,1,1
1046,1047,7,80,1052.94,1,1,1
1047,1048,64,103,1934.45,1,1,1
1048,1049,7,55,698.06,1,1,1
1049,1050,3,135,5134.89,1,1,1
1050,1051,15,55,2275.67,1,1,1
1051,1052,481,7,231.66,2,0,2
1052,1053,5,96,4616.42,1,1,1
1053,1054,23,41,1035.19,1,1,1
1054,1055,15,81,1204.41,1,1,1
1055,1056,10,66,4871.09,1,1,1
1056,1057,2,184,8219.34,1,1,0
1057,1058,1,563,3280.18,1,0,0
1058,1059,157,5,72.91,2,1,2
1059,1060,40,64,6096.93,1,1,1
1060,1061,3,147,6211.67,1,1,0
1061,1062,1,216,1495.76,1,1,0
1062,1063,91,57,1327.48,1,1,2
1063,1064,4,44,3074.68,1,1,1
1064,1065,7,50,5167.16,1,1,1
1065,1066,4,245,3114.34,1,1,0
1066,1067,10,62,3741.92,1,1,1
1067,1068,12,111,1321.85,1,1,1
1068,1069,31,55,3433.27,1,1,1
1069,1070,4,177,5187.13,1,1,1
1070,1071,7,84,2052.29,1,1,1
1071,1072,11,61,2694.8,1,1,1
1072,1073,2,121,3014.08,1,1,1
1073,1074,5,132,7769.22,1,1,0
1074,1075,23,67,1469.02,1,1,1
1075,1076,1,86,2241.01,1,1,1
1076,1077,7,36,1492.81,1,1,1
1077,1078,2,250,6885.6900000000005,1,1,0
1078,1079,50,50,1001.3,1,1,1
1079,1080,24,84,2206.11,1,1,1
1080,1081,13,139,10201.55,1,1,0
1081,1082,1,142,2032.54,1,1,1
1082,1083,18,54,1396.93,1,1,1
1083,1084,1,225,2363.16,1,1,0
1084,1085,10,106,4806.0,1,1,1
1085,1086,12,30,1188.61,1,1,1
1086,1087,23,149,3010.24,1,1,1
1087,1088,1,91,1439.61,1,1,1
1088,1089,8,96,2404.98,1,1,1
1089,1090,30,12,307.87,1,1,1
1090,1091,46,116,5617.4,1,1,1
1091,1092,6,42,944.6899999999999,1,1,1
1092,1093,1,33,993.76,1,1,1
1093,1094,3,95,5935.57,1,1,1
1094,1095,68,30,599.54,1,1,1
1095,1096,27,47,592.36,1,1,1
1096,1097,7,165,8806.33,1,1,0
1097,1098,1,449,9500.7,1,1,0
1098,1099,64,28,683.13,1,1,1
1099,1100,9,26,313.40999999999997,1,1,1
1100,1101,51,16,190.78,1,1,1
1101,1102,19,81,2263.4,1,1,1
1102,1103,4,204,6104.1900000000005,1,1,0
1103,1104,14,118,3378.16,1,1,1
1104,1105,24,9,500.14,1,1,1
1105,1106,10,38,683.26,1,1,1
1106,1107,64,22,877.32,1,1,1
1107,1108,35,22,292.1,1,1,1
1108,1109,21,87,3059.0,1,1,1
1109,1110,4,133,5508.47,1,1,1
1110,1111,5,321,18894.72,1,1,0
1111,1112,36,52,1889.45,1,1,1
1112,1113,2,176,4391.3,1,1,1
1113,1114,2,44,970.95,1,1,1
1114,1115,4,51,1828.6399999999999,1,1,1
1115,1116,16,64,2779.14,1,1,1
1116,1117,2,186,3667.44,1,1,1
1117,1118,117,16,945.89,1,1,2
1118,1119,2,68,2232.75,1,1,1
1119,1120,3,87,1737.84,1,1,1
1120,1121,30,61,2486.64,1,1,1
1121,1122,214,77,1236.98,2,1,2
1122,1123,38,73,3915.81,1,1,1
1123,1124,3,79,1896.39,1,1,1
1124,1125,1,89,691.1,1,1,1
1125,1126,2,28,2543.36,1,1,1
1126,1127,1,29,1563.53,1,1,1
1127,1128,2,234,3027.0,1,1,0
1128,1129,1,73,2401.41,1,1,1
1129,1130,1,362,6563.15,1,1,0
1130,1131,2,102,3034.77,1,1,1
1131,1132,11,58,2073.62,1,1,1
1132,1133,1,115,1377.66,1,1,1
1133,1134,23,51,5050.53,1,1,1
1134,1135,6,64,748.88,1,1,1
1135,1136,8,59,1934.11,1,1,1
1136,1137,4,134,2121.89,1,1,1
1137,1138,1,212,4546.37,1,1,0
1138,1139,7,92,7539.55,1,1,0
1139,1140,52,21,1164.18,1,1,1
1140,1141,16,59,1137.28,1,1,1
1141,1142,2,284,15178.960000000001,1,1,0
1142,1143,76,12,173.31,1,1,1
1143,1144,14,24,187.09,1,1,1
1144,1145,5,81,3875.17,1,1,1
1145,1146,1,345,8854.64,1,1,0
1146,1147,2,57,3779.36,1,1,1
1147,1148,4,26,478.59000000000003,1,1,1
1148,1149,40,17,307.90999999999997,1,1,1
1149,1150,160,14,845.39,2,1,2
1150,1151,4,159,2808.91,1,1,1
1151,1152,17,77,1305.66,1,1,1
1152,1153,7,65,1142.86,1,1,1
1153,1154,1,127,3803.55,1,1,1
1154,1155,1,41,2053.02,1,1,1
1155,1156,74,29,999.33,1,1,1
1156,1157,38,104,2779.86,1,1,1
1157,1158,1,219,2903.2,1,1,0
1158,1159,4,233,4468.63,1,1,0
1159,1160,1,145,4377.96,1,1,1
1160,1161,7,63,1377.57,1,1,1
1161,1162,215,33,431.76,2,1,2
1162,1163,18,153,4808.01,1,1,1
1163,1164,1,104,4689.35,1,1,1
1164,1165,6,57,1413.52,1,1,1
1165,1166,1,409,12300.62,1,1,0
1166,1167,4,150,6798.79,1,1,0
1167,1168,9,69,874.23,1,1,1
1168,1169,7,128,5159.4,1,1,1
1169,1170,63,7,68.45,1,1,1
1170,1171,5,34,996.6,1,1,1
1171,1172,2,167,4569.24,1,1,1
1172,1173,75,41,655.77,1,1,1
1173,1174,8,122,2156.65,1,1,1
1174,1175,6,135,7403.51,1,1,0
1175,1176,9,16,240.85,1,1,1
1176,1177,14,17,337.98,1,1,1
1177,1178,4,212,5022.28,1,1,0
1178,1179,1,205,9428.4,1,1,0
1179,1180,11,166,5430.04,1,1,1
1180,1181,6,89,2196.58,1,1,1
1181,1182,28,124,1966.38,1,1,1
1182,1183,35,9,260.04,1,1,1
1183,1184,19,13,713.9,1,1,1
1184,1185,5,61,1334.18,1,1,1
1185,1186,4,79,6060.38,1,1,1
1186,1187,2,133,2996.18,1,1,1
1187,1188,6,149,3722.22,1,1,1
1188,1189,13,51,954.21,1,1,1
1189,1190,1,253,3327.02,1,1,0
1190,1191,3,98,2485.87,1,1,1
1191,1192,3,100,1482.54,1,1,1
1192,1193,14,219,4723.65,1,1,0
1193,1194,10,62,1276.74,1,1,1
1194,1195,7,41,1271.09,1,1,1
1195,1196,30,27,1915.95,1,1,1
1196,1197,7,160,7988.7300000000005,1,1,0
1197,1198,16,44,1004.6,1,1,1
1198,1199,431,7,163.57,2,2,2
1199,1200,27,30,1619.45,1,1,1
1200,1201,16,38,537.6,1,1,1
1201,1202,17,25,587.47,1,1,1
1202,1203,2,173,6385.44,1,1,0
1203,1204,4,81,2043.13,1,1,1
1204,1205,33,186,4383.72,1,1,1
1205,1206,12,381,6172.13,1,1,0
1206,1207,7,108,765.37,1,1,1
1207,1208,18,54,1078.06,1,1,1
1208,1209,2,23,361.42,1,1,1
1209,1210,16,37,921.33,1,1,1
1210,1211,1,168,9045.04,1,1,0
1211,1212,27,6,195.27,1,1,1
1212,1213,7,46,622.22,1,1,1
1213,1214,37,7,122.95,1,1,1
1214,1215,17,15,786.45,1,1,1
1215,1216,1,134,5303.53,1,1,1
1216,1217,6,54,2656.9,1,1,1
1217,1218,10,96,3093.53,1,1,1
1218,1219,3,121,823.08,1,1,1
1219,1220,80,31,787.04,1,1,1
1220,1221,31,15,652.34,1,1,1
1221,1222,3,174,5833.39,1,1,0
1222,1223,21,57,1743.69,1,1,1
1223,1224,5,92,2363.78,1,1,1
1224,1225,16,76,1415.38,1,1,1
1225,1226,11,76,6237.46,1,1,1
1226,1227,1,86,3810.36,1,1,1
1227,1228,1,797,14503.89,1,0,0
1228,1229,1,385,18304.31,1,1,0
1229,1230,19,20,258.53000000000003,1,1,1
1230,1231,9,55,1919.79,1,1,1
1231,1232,167,22,488.49,2,1,2
1232,1233,19,38,1778.52,1,1,1
1233,1234,2,94,5547.83,1,1,1
1234,1235,5,20,894.0,1,1,1
1235,1236,3,194,3993.01,1,1,1
1236,1237,91,20,1051.16,1,1,1
1237,1238,8,51,4678.61,1,1,1
1238,1239,4,26,2068.5,1,1,1
1239,1240,1,217,11250.07,1,1,0
1240,1241,2,91,2041.45,1,1,1
1241,1242,7,35,830.11,1,1,1
1242,1243,118,15,249.70000000000002,1,1,2
1243,1244,5,34,603.45,1,1,1
1244,1245,1,254,4469.27,1,1,0
1245,1246,10,97,5428.25,1,1,1
1246,1247,3,123,6639.95,1,1,0
1247,1248,10,158,9091.29,1,1,0
1248,1249,8,23,491.62,1,1,1
1249,1250,13,6,203.17,1,1,1
1250,1251,58,53,325.77,1,1,1
1251,1252,18,46,1152.78,1,1,1
1252,1253,90,24,570.15,1,1,1
1253,1254,74,6,252.31,1,1,1
1254,1255,18,28,522.3,1,1,1
1255,1256,6,170,5274.32,1,1,1
1256,1257,5,31,1389.1200000000001,1,1,1
1257,1258,1,232,3502.45,1,1,0
1258,1259,30,33,1163.62,1,1,1
1259,1260,1,168,11200.800000000001,1,1,0
1260,1261,7,228,3777.98,1,1,0
1261,1262,48,29,769.72,1,1,1
1262,1263,30,126,5257.44,1,1,1
1263,1264,11,132,6458.78,1,1,1
1264,1265,1,49,1409.8700000000001,1,1,1
1265,1266,12,115,1657.1100000000001,1,1,1
1266,1267,3,66,1689.84,1,1,1
1267,1268,6,71,3013.56,1,1,1
1268,1269,1,109,2595.17,1,1,1
1269,1270,7,73,3455.32,1,1,1
1270,1271,2,132,4155.52,1,1,1
1271,1272,1,258,10019.45,1,1,0
1272,1273,6,17,265.04,1,1,1
1273,1274,3,273,12503.24,1,1,0
1274,1275,421,8,137.63,2,2,2
1275,1276,9,20,623.45,1,1,1
1276,1277,2,328,5900.81,1,1,0
1277,1278,7,19,738.34,1,1,1
1278,1279,3,199,4793.46,1,1,0
1279,1280,23,24,427.63,1,1,1
1280,1281,17,38,788.4,1,1,1
1281,1282,20,203,5957.4800000000005,1,1,0
1282,1283,4,49,332.46,1,1,1
1283,1284,2,160,1974.49,1,1,1
1284,1285,3,137,5048.59,1,1,1
1285,1286,104,30,595.0,1,1,2
1286,1287,13,159,2818.0,1,1,1
1287,1288,4,55,1896.5,1,1,1
1288,1289,2,525,1512.08,1,0,0
1289,1290,10,34,1060.24,1,1,1
1290,1291,5,103,3290.01,1,1,1
1291,1292,16,27,520.32,1,1,1
1292,1293,2,176,2762.8,1,1,1
1293,1294,3,56,4829.32,1,1,1
1294,1295,4,68,1637.41,1,1,1
1295,1296,4,80,2124.43,1,1,1
1296,1297,1,147,2733.28,1,1,1
1297,1298,13,50,1487.99,1,1,1
1298,1299,1,192,5959.57,1,1,0
1299,1300,2,84,2959.65,1,1,1
1300,1301,2,80,1494.22,1,1,1
1301,1302,4,36,757.95,1,1,1
1302,1303,4,212,6344.09,1,1,0
1303,1304,2,90,899.49,1,1,1
1304,1305,31,373,7552.93,1,1,0
1305,1306,4,171,3041.69,1,1,1
1306,1307,5,174,2049.58,1,1,1
1307,1308,133,23,320.58,1,1,2
1308,1309,162,9,158.48,2,1,2
1309,1310,20,34,857.98,1,1,1
1310,1311,105,17,685.63,1,1,2
1311,1312,9,134,5055.88,1,1,1
1312,1313,12,30,1030.97,1,1,1
1313,1314,2,421,14330.4,1,1,0
1314,1315,88,5,645.36,1,1,1
1315,1316,19,58,3736.48,1,1,1
1316,1317,5,196,4065.2400000000002,1,1,1
1317,1318,15,74,5583.96,1,1,1
1318,1319,33,48,1059.79,1,1,1
1319,1320,5,14,360.43,1,1,1
1320,1321,2,204,1888.13,1,1,1
1321,1322,24,16,260.65,1,1,1
1322,1323,6,11,297.05,1,1,1
1323,1324,13,42,2667.23,1,1,1
1324,1325,3,64,2835.9900000000002,1,1,1
1325,1326,5,394,8831.210000000001,1,1,0
1326,1327,303,9,477.17,2,1,2
1327,1328,2,96,2544.89,1,1,1
1328,1329,11,31,1546.05,1,1,1
1329,1330,5,86,2177.55,1,1,1
1330,1331,34,105,1821.03,1,1,1
1331,1332,6,60,2047.26,1,1,1
1332,1333,7,129,7709.85,1,1,0
1333,1334,15,57,629.58,1,1,1
1334,1335,23,31,978.87,1,1,1
1335,1336,4,123,6035.21,1,1,1
1336,1337,1,244,11500.76,1,1,0
1337,1338,2,189,1783.98,1,1,1
1338,1339,11,6,390.16,1,1,1
1339,1340,17,57,512.53,1,1,1
1340,1341,75,13,434.77,1,1,1
1341,1342,34,12,160.02,1,1,1
1342,1343,47,12,267.19,1,1,1
1343,1344,21,27,2728.78,1,1,1
1344,1345,22,56,1348.56,1,1,1
1345,1346,1,80,1174.31,1,1,1
1346,1347,6,131,3360.34,1,1,1
1347,1348,86,23,324.22,1,1,1
1348,1349,1,202,5380.22,1,1,0
1349,1350,3,131,2568.6,1,1,1
1350,1351,15,91,564.4,1,1,1
1351,1352,1,138,5398.95,1,1,1
1352,1353,9,132,4019.91,1,1,1
1353,1354,2,87,2534.76,1,1,1
1354,1355,3,14,547.82,1,1,1
1355,1356,7,86,2239.34,1,1,1
1356,1357,2,87,3061.9,1,1,1
1357,1358,2,123,2466.68,1,1,1
1358,1359,5,76,1192.68,1,1,1
1359,1360,39,23,630.19,1,1,1
1360,1361,2,11,608.58,1,1,1
1361,1362,16,61,1418.76,1,1,1
1362,1363,1,58,4075.4,1,1,1
1363,1364,2,145,2466.05,1,1,1
1364,1365,323,9,103.65,2,1,2
1365,1366,7,256,4242.62,1,1,0
1366,1367,2,352,12125.48,1,1,0
1367,1368,12,32,2766.9700000000003,1,1,1
1368,1369,1,144,3105.71,1,1,1
1369,1370,1,86,8531.89,1,1,0
1370,1371,181,45,835.71,2,1,2
1371,1372,54,25,1337.07,1,1,1
1372,1373,12,40,657.52,1,1,1
1373,1374,4,99,2841.56,1,1,1
1374,1375,2,122,3745.41,1,1,1
1375,1376,4,235,11041.41,1,1,0
1376,1377,9,35,791.34,1,1,1
1377,1378,5,121,6933.72,1,1,0
1378,1379,1,509,13995.22,1,0,0
1379,1380,33,25,349.81,1,1,1
1380,1381,10,49,134.4,1,1,1
1381,1382,6,116,3082.4700000000003,1,1,1
1382,1383,11,128,1532.65,1,1,1
1383,1384,16,33,827.46,1,1,1
1384,1385,19,112,5637.51,1,1,1
1385,1386,49,8,111.15,1,1,1
1386,1387,7,66,2057.95,1,1,1
1387,1388,3,151,6949.16,1,1,0
1388,1389,11,41,2841.16,1,1,1
1389,1390,7,211,4879.86,1,1,0
1390,1391,4,169,8105.74,1,1,0
1391,1392,51,109,2315.07,1,1,1
1392,1393,4,203,5950.89,1,1,0
1393,1394,5,151,4391.58,1,1,1
1394,1395,3,40,1142.42,1,1,1
1395,1396,92,229,7177.06,1,0,0
1396,1397,4,283,5707.6,1,1,0
1397,1398,18,20,404.96,1,1,1
1398,1399,5,33,1032.63,1,1,1
1399,1400,13,11,284.31,1,1,1
1400,1401,29,52,587.37,1,1,1
1401,1402,3,165,2245.76,1,1,1
1402,1403,29,151,3673.26,1,1,1
1403,1404,8,44,1248.19,1,1,1
1404,1405,13,55,2480.88,1,1,1
1405,1406,2,116,3790.44,1,1,1
1406,1407,7,35,1615.94,1,1,1
1407,1408,21,57,1055.29,1,1,1
1408,1409,6,87,4324.03,1,1,1
1409,1410,18,45,2525.94,1,1,1
1410,1411,269,6,131.52,2,1,2
1411,1412,7,77,4053.15,1,1,1
1412,1413,12,27,344.06,1,1,1
1413,1414,1,17,274.03000000000003,1,1,1
1414,1415,9,27,271.41,1,1,1
1415,1416,24,6,91.65,1,1,1
1416,1417,2,75,3703.93,1,1,1
1417,1418,5,78,2735.2,1,1,1
1418,1419,1,524,7634.57,1,1,0
1419,1420,58,79,3891.9700000000003,1,1,1
1420,1421,1,218,5535.2,1,1,0
1421,1422,5,11,481.77,1,1,1
1422,1423,14,189,1695.76,1,1,1
1423,1424,61,57,595.22,1,1,1
1424,1425,3,131,3828.6,1,1,1
1425,1426,11,65,2330.87,1,1,1
1426,1427,6,83,2640.47,1,1,1
1427,1428,10,164,4911.53,1,1,1
1428,1429,2,83,818.56,1,1,1
1429,1430,1,344,20352.99,1,0,0
1430,1431,2,155,2718.4,1,1,1
1431,1432,1,9,336.95,1,1,1
1432,1433,25,8,70.04,1,1,1
1433,1434,3,220,4160.33,1,1,0
1434,1435,92,13,511.78,1,1,1
1435,1436,116,8,134.89000000000001,1,1,2
1436,1437,22,99,4775.56,1,1,1
1437,1438,7,41,2130.77,1,1,1
1438,1439,53,33,555.5600000000001,1,1,1
1439,1440,1,100,2551.58,1,1,1
1440,1441,78,13,401.47,1,1,1
1441,1442,23,29,312.5,1,1,1
1442,1443,2,182,2221.48,1,1,1
1443,1444,94,23,323.99,1,1,1
1444,1445,4,178,5130.59,1,1,1
1445,1446,9,44,2095.83,1,1,1
1446,1447,6,40,604.95,1,1,1
1447,1448,61,80,1927.33,1,1,1
1448,1449,87,39,405.83,1,1,1
1449,1450,26,90,1647.2,1,1,1
1450,1451,2,260,6700.05,1,1,0
1451,1452,13,374,1884.05,1,1,0
1452,1453,2,761,21661.29,1,0,0
1453,1454,1,154,4934.0,1,1,1
1454,1455,452,14,820.18,2,2,2
1455,1456,27,69,1506.5,1,1,1
1456,1457,20,39,2667.34,1,1,1
1457,1458,7,126,3480.63,1,1,1
1458,1459,10,79,4769.04,1,1,1
1459,1460,60,57,2455.68,1,1,1
1460,1461,3,290,7246.2,1,1,0
1461,1462,8,120,4830.0,1,1,1
1462,1463,5,139,3460.15,1,1,1
1463,1464,36,76,2474.4,1,1,1
1464,1465,8,56,1038.52,1,1,1
1465,1466,12,38,1029.47,1,1,1
1466,1467,1,835,2957.82,1,0,0
1467,1468,144,81,4131.7300000000005,1,1,2
1468,1469,162,44,1160.0,2,1,2
1469,1470,4,133,1991.33,1,1,1
1470,1471,45,32,486.72,1,1,1
1471,1472,295,4,269.54,2,1,2
1472,1473,4,118,4339.15,1,1,1
1473,1474,5,72,2445.87,1,1,1
1474,1475,2,339,14855.210000000001,1,1,0
1475,1476,2,356,9481.75,1,1,0
1476,1477,51,15,279.2,1,1,1
1477,1478,199,6,88.59,2,1,2
1478,1479,3,716,9129.23,1,0,0
1479,1480,44,27,152.21,1,1,1
1480,1481,4,164,3298.77,1,1,1
1481,1482,117,18,1042.35,1,1,2
1482,1483,1,112,4725.27,1,1,1
1483,1484,4,106,3209.39,1,1,1
1484,1485,16,66,2187.88,1,1,1
1485,1486,14,14,548.32,1,1,1
1486,1487,8,38,1471.28,1,1,1
1487,1488,20,76,3246.92,1,1,1
1488,1489,2,536,17251.53,1,0,0
1489,1490,3,208,5064.7,1,1,0
1490,1491,2,289,5635.97,1,1,0
1491,1492,3,95,1226.29,1,1,1
1492,1493,8,25,943.13,1,1,1
1493,1494,12,85,2595.09,1,1,1
1494,1495,8,165,1779.86,1,1,1
1495,1496,55,12,852.95,1,1,1
1496,1497,20,9,527.3,1,1,1
1497,1498,54,26,960.1800000000001,1,1,1
1498,1499,1,89,2106.09,1,1,1
1499,1500,15,54,1051.1200000000001,1,1,1
1500,1501,11,205,8490.73,1,1,0
1501,1502,32,47,2160.82,1,1,1
1502,1503,52,18,117.69,1,1,1
1503,1504,515,3,66.33,2,0,2
1504,1505,56,103,4053.23,1,1,1
1505,1506,2,144,2389.2,1,1,1
1506,1507,12,26,1499.3700000000001,1,1,1
1507,1508,43,81,1849.2,1,1,1
1508,1509,2,204,6452.83,1,1,0
1509,1510,1,1300,11211.37,1,0,0
1510,1511,7,149,3740.16,1,1,1
1511,1512,5,93,1674.23,1,1,1
1512,1513,5,64,931.89,1,1,1
1513,1514,8,57,2355.31,1,1,1
1514,1515,1,99,4158.2,1,1,1
1515,1516,216,15,189.66,2,1,2
1516,1517,4,135,3871.04,1,1,1
1517,1518,36,34,1373.77,1,1,1
1518,1519,22,30,2425.66,1,1,1
1519,1520,4,142,3839.36,1,1,1
1520,1521,46,43,753.95,1,1,1
1521,1522,79,35,1086.56,1,1,1
1522,1523,33,67,1668.3,1,1,1
1523,1524,2,60,2800.81,1,1,1
1524,1525,22,38,1645.25,1,1,1
1525,1526,2,199,2901.09,1,1,0
1526,1527,2,321,17295.18,1,1,0
1527,1528,1,239,8086.55,1,1,0
1528,1529,5,244,9025.51,1,1,0
1529,1530,5,48,879.9300000000001,1,1,1
1530,1531,2,45,978.91,1,1,1
1531,1532,43,86,1916.02,1,1,1
1532,1533,12,22,255.24,1,1,1
1533,1534,4,313,8449.68,1,1,0
1534,1535,1,247,8453.65,1,1,0
1535,1536,1,164,6960.1900000000005,1,1,0
1536,1537,21,148,2878.58,1,1,1
1537,1538,5,32,504.92,1,1,1
1538,1539,40,10,79.41,1,1,1
1539,1540,2,143,3598.69,1,1,1
1540,1541,7,102,7743.35,1,1,0
1541,1542,10,116,1969.93,1,1,1
1542,1543,28,84,2612.4,1,1,1
1543,1544,21,54,2457.93,1,1,1
1544,1545,3,174,3948.53,1,1,1
1545,1546,8,113,4095.37,1,1,1
1546,1547,2,289,2222.05,1,1,0
1547,1548,2,112,3850.53,1,1,1
1548,1549,1,177,1988.91,1,1,1
1549,1550,2,338,2542.45,1,1,0
1550,1551,16,18,800.11,1,1,1
1551,1552,20,35,1084.76,1,1,1
1552,1553,17,16,140.84,1,1,1
1553,1554,8,46,982.76,1,1,1
1554,1555,15,89,1446.54,1,1,1
1555,1556,2,138,3799.8,1,1,1
1556,1557,2,195,6528.36,1,1,0
1557,1558,1,145,4487.1,1,1,1
1558,1559,8,60,2725.42,1,1,1
1559,1560,9,44,1209.04,1,1,1
1560,1561,101,6,401.41,1,1,2
1561,1562,2,39,1198.02,1,1,1
1562,1563,14,113,4754.88,1,1,1
1563,1564,48,36,437.77,1,1,1
1564,1565,60,31,447.91,1,1,1
1565,1566,3,347,10567.710000000001,1,1,0
1566,1567,4,155,2124.23,1,1,1
1567,1568,4,81,4575.94,1,1,1
1568,1569,6,104,1345.59,1,1,1
1569,1570,48,51,2389.96,1,1,1
1570,1571,4,49,567.87,1,1,1
1571,1572,1,52,2544.41,1,1,1
1572,1573,16,96,372.87,1,1,1
1573,1574,61,28,3616.03,1,1,1
1574,1575,2,55,1642.49,1,1,1
1575,1576,21,18,471.11,1,1,1
1576,1577,20,82,3794.61,1,1,1
1577,1578,15,94,2846.81,1,1,1
1578,1579,2,600,12695.25,1,0,0
1579,1580,2,201,1771.02,1,1,1
1580,1581,4,28,1249.26,1,1,1
1581,1582,110,37,1907.02,1,1,2
1582,1583,27,20,338.28000000000003,1,1,1
1583,1584,2,317,7435.38,1,1,0
1584,1585,7,150,9353.85,1,1,0
1585,1586,3,72,2237.21,1,1,1
1586,1587,1,68,714.61,1,1,1
1587,1588,4,234,5199.9800000000005,1,1,0
1588,1589,4,18,341.54,1,1,1
1589,1590,8,152,8033.79,1,1,0
1590,1591,4,111,4844.96,1,1,1
1591,1592,1,52,2371.59,1,1,1
1592,1593,17,43,1789.1,1,1,1
1593,1594,7,118,2986.13,1,1,1
1594,1595,2,139,5644.07,1,1,1
1595,1596,3,28,2154.63,1,1,1
1596,1597,7,54,801.63,1,1,1
1597,1598,1,445,11516.83,1,1,0
1598,1599,2,182,6161.21,1,1,0
1599,1600,6,64,914.7,1,1,1
1600,1601,4,23,1288.54,1,1,1
1601,1602,2,159,6425.14,1,1,0
1602,1603,142,11,492.72,2,1,2
1603,1604,1,156,818.41,1,1,1
1604,1605,10,57,729.22,1,1,1
1605,1606,17,21,1131.91,1,1,1
1606,1607,2,138,3882.88,1,1,1
1607,1608,25,40,1399.89,1,1,1
1608,1609,1,412,27859.68,1,0,0
1609,1610,246,11,164.49,2,1,2
1610,1611,5,51,677.46,1,1,1
1611,1612,1,151,8429.05,1,1,0
1612,1613,6,136,6699.49,1,1,0
1613,1614,14,75,518.16,1,1,1
1614,1615,52,42,869.28,1,1,1
1615,1616,80,38,1235.72,1,1,1
1616,1617,25,104,4067.8,1,1,1
1617,1618,1,99,4562.4800000000005,1,1,1
1618,1619,4,185,4454.7300000000005,1,1,1
1619,1620,4,337,9219.35,1,1,0
1620,1621,3,90,3231.48,1,1,1
1621,1622,1,106,3844.31,1,1,1
1622,1623,2,180,4733.62,1,1,1
1623,1624,29,82,1567.81,1,1,1
1624,1625,11,41,464.64,1,1,1
1625,1626,273,2,42.959999999999994,2,1,2
1626,1627,1,114,3484.02,1,1,1
1627,1628,10,18,546.78,1,1,1
1628,1629,49,9,590.71,1,1,1
1629,1630,2,188,9265.32,1,1,0
1630,1631,1,353,10427.21,1,1,0
1631,1632,39,64,2104.91,1,1,1
1632,1633,6,219,10162.78,1,1,0
1633,1634,3,85,4616.14,1,1,1
1634,1635,49,20,128.98,1,1,1
1635,1636,2,22,1197.77,1,1,1
1636,1637,1,66,1170.13,1,1,1
1637,1638,16,51,552.18,1,1,1
1638,1639,1,110,2578.1,1,1,1
1639,1640,1,151,4410.1,1,1,1
1640,1641,5,47,577.62,1,1,1
1641,1642,7,125,2096.12,1,1,1
1642,1643,10,46,1461.4,1,1,1
1643,1644,1,26,397.48,1,1,1
1644,1645,46,8,296.52,1,1,1
1645,1646,13,68,1553.53,1,1,1
1646,1647,39,12,50.49,1,1,1
1647,1648,28,116,5250.36,1,1,1
1648,1649,1,48,1132.4,1,1,1
1649,1650,7,106,2259.16,1,1,1
1650,1651,1,65,2025.08,1,1,1
1651,1652,4,39,946.0,1,1,1
1652,1653,2,541,19153.75,1,0,0
1653,1654,33,40,786.53,1,1,1
1654,1655,1,41,502.77,1,1,1
1655,1656,52,10,458.22,1,1,1
1656,1657,31,50,647.9,1,1,1
1657,1658,5,69,1778.67,1,1,1
1658,1659,3,130,2820.61,1,1,1
1659,1660,8,62,2045.5,1,1,1
1660,1661,3,44,1425.4,1,1,1
1661,1662,10,83,8617.94,1,1,0
1662,1663,3,196,1834.06,1,1,1
1663,1664,15,41,2194.31,1,1,1
1664,1665,5,108,1556.84,1,1,1
1665,1666,38,82,1078.47,1,1,1
1666,1667,11,42,891.1,1,1,1
1667,1668,16,94,2283.69,1,1,1
1668,1669,9,10,297.97,1,1,1
1669,1670,88,19,96.48,1,1,1
1670,1671,2,38,1420.41,1,1,1
1671,1672,11,75,1718.08,1,1,1
1672,1673,19,110,4773.85,1,1,1
1673,1674,293,8,120.28,2,1,2
1674,1675,79,102,4862.09,1,1,1
1675,1676,6,97,5203.43,1,1,1
1676,1677,8,193,12559.61,1,1,0
1677,1678,13,79,2613.9900000000002,1,1,1
1678,1679,3,47,276.13,1,1,1
1679,1680,24,51,2039.68,1,1,1
1680,1681,68,90,2602.28,1,1,1
1681,1682,9,10,158.93,1,1,1
1682,1683,9,86,1920.99,1,1,1
1683,1684,5,50,1449.58,1,1,1
1684,1685,5,97,1571.3700000000001,1,1,1
1685,1686,1,95,1313.76,1,1,1
1686,1687,7,106,3766.27,1,1,1
1687,1688,29,36,971.12,1,1,1
1688,1689,2,122,2711.79,1,1,1
1689,1690,17,59,1508.04,1,1,1
1690,1691,2,50,2283.69,1,1,1
1691,1692,2,150,2017.18,1,1,1
1692,1693,2,164,8354.55,1,1,0
1693,1694,1,249,8055.47,1,1,0
1694,1695,2,160,1174.56,1,1,1
1695,1696,8,62,2640.01,1,1,1
1696,1697,14,42,949.01,1,1,1
1697,1698,10,38,1757.51,1,1,1
1698,1699,14,29,1064.84,1,1,1
1699,1700,35,33,1606.69,1,1,1
1700,1701,28,31,1390.28,1,1,1
1701,1702,56,30,1927.05,1,1,1
1702,1703,4,233,4648.88,1,1,0
1703,1704,2,46,400.83,1,1,1
1704,1705,3,176,1805.93,1,1,1
1705,1706,21,18,360.07,1,1,1
1706,1707,3,749,6580.49,1,0,0
1707,1708,12,58,3571.6,1,1,1
1708,1709,5,87,2141.64,1,1,1
1709,1710,7,215,11984.59,1,1,0
1710,1711,67,11,664.98,1,1,1
1711,1712,22,33,728.93,1,1,1
1712,1713,8,37,1733.81,1,1,1
1713,1714,59,9,264.72,1,1,1
1714,1715,2,53,983.53,1,1,1
1715,1716,10,180,1950.26,1,1,1
1716,1717,1,88,1757.9,1,1,1
1717,1718,1,35,868.69,1,1,1
1718,1719,3,83,3402.45,1,1,1
1719,1720,8,142,5755.6900000000005,1,1,1
1720,1721,3,17,339.59000000000003,1,1,1
1721,1722,4,258,11229.710000000001,1,1,0
1722,1723,32,86,4469.22,1,1,1
1723,1724,22,95,2626.98,1,1,1
1724,1725,1,19,826.74,1,1,1
1725,1726,1,182,8131.91,1,1,0
1726,1727,594,2,149.01,2,2,2
1727,1728,6,21,1517.18,1,1,1
1728,1729,6,85,2910.61,1,1,1
1729,1730,5,167,3509.78,1,1,1
1730,1731,9,72,3451.81,1,1,1
1731,1732,9,98,3427.3,1,1,1
1732,1733,3,34,1487.3700000000001,1,1,1
1733,1734,35,19,161.78,1,1,1
1734,1735,1,93,3902.77,1,1,1
1735,1736,82,22,374.48,1,1,1
1736,1737,28,27,350.94,1,1,1
1737,1738,32,62,1379.3600000000001,1,1,1
1738,1739,3,34,778.4,1,1,1
1739,1740,3,390,11938.2,1,1,0
1740,1741,17,15,161.99,1,1,1
1741,1742,10,282,2140.1,1,1,0
1742,1743,10,43,1168.94,1,1,1
1743,1744,9,58,1088.62,1,1,1
1744,1745,7,125,2591.48,1,1,1
1745,1746,58,49,2177.16,1,1,1
1746,1747,10,92,3066.6,1,1,1
1747,1748,3,247,5161.78,1,1,0
1748,1749,8,122,4209.35,1,1,1
1749,1750,42,20,736.42,1,1,1
1750,1751,3,142,4142.87,1,1,1
1751,1752,6,196,6593.81,1,1,0
1752,1753,1,456,2964.05,1,0,0
1753,1754,8,209,4120.16,1,1,0
1754,1755,18,31,1202.51,1,1,1
1755,1756,5,67,3344.29,1,1,1
1756,1757,258,10,253.11,2,1,2
1757,1758,15,70,2041.93,1,1,1
1758,1759,6,219,4009.62,1,1,0
1759,1760,7,53,563.64,1,1,1
1760,1761,3,31,1845.46,1,1,1
1761,1762,1,344,15360.14,1,1,0
1762,1763,7,149,3919.37,1,1,1
1763,1764,5,135,11412.2,1,1,0
1764,1765,22,62,2949.01,1,1,1
1765,1766,5,38,460.68,1,1,1
1766,1767,2,485,9204.22,1,1,0
1767,1768,3,70,1522.47,1,1,1
1768,1769,1,156,7447.28,1,1,0
1769,1770,4,477,8793.19,1,1,0
1770,1771,63,11,532.2,1,1,1
1771,1772,91,97,2452.88,1,1,2
1772,1773,9,91,3356.9,1,1,1
1773,1774,9,66,5012.46,1,1,1
1774,1775,1,211,9485.14,1,1,0
1775,1776,22,231,3724.26,1,1,0
1776,1777,1,75,1169.97,1,1,1
1777,1778,2,259,9336.3,1,1,0
1778,1779,9,109,3508.58,1,1,1
1779,1780,31,43,1413.68,1,1,1
1780,1781,19,93,3228.57,1,1,1
1781,1782,6,37,1742.85,1,1,1
1782,1783,10,91,4125.89,1,1,1
1783,1784,16,40,1980.6200000000001,1,1,1
1784,1785,2,75,1555.7,1,1,1
1785,1786,57,44,409.73,1,1,1
1786,1787,20,61,1097.5,1,1,1
1787,1788,2,152,9072.28,1,1,0
1788,1789,33,23,293.19,1,1,1
1789,1790,6,47,1978.83,1,1,1
1790,1791,3,140,2970.1,1,1,1
1791,1792,1,126,3140.33,1,1,1
1792,1793,5,63,1888.55,1,1,1
1793,1794,11,77,3594.48,1,1,1
1794,1795,2,1138,9751.73,1,0,0
1795,1796,8,60,2601.06,1,1,1
1796,1797,2,115,5551.49,1,1,1
1797,1798,12,42,2457.51,1,1,1
1798,1799,15,52,395.47,1,1,1
1799,1800,3,85,3667.31,1,1,1
1800,1801,6,64,758.74,1,1,1
1801,1802,20,52,4835.4400000000005,1,1,1
1802,1803,1,216,14420.9,1,1,0
1803,1804,1,311,10251.19,1,1,0
1804,1805,1,77,792.2,1,1,1
1805,1806,3,139,3979.6,1,1,1
1806,1807,7,212,7773.21,1,1,0
1807,1808,10,96,1824.33,1,1,1
1808,1809,10,61,1509.41,1,1,1
1809,1810,8,266,4025.59,1,1,0
1810,1811,32,16,852.5600000000001,1,1,1
1811,1812,1,104,1948.99,1,1,1
1812,1813,20,4,233.45,1,1,1
1813,1814,7,52,4107.85,1,1,1
1814,1815,4,89,4405.47,1,1,1
1815,1816,4,160,3869.51,1,1,1
1816,1817,1,48,1024.72,1,1,1
1817,1818,1,72,1333.43,1,1,1
1818,1819,6,68,1446.23,1,1,1
1819,1820,51,77,4208.08,1,1,1
1820,1821,9,128,4937.27,1,1,1
1821,1822,1,218,3516.44,1,1,0
1822,1823,1,377,12268.85,1,1,0
1823,1824,2,165,3117.11,1,1,1
1824,1825,119,43,1831.84,1,1,2
1825,1826,4,111,1994.47,1,1,1
1826,1827,6,41,682.23,1,1,1
1827,1828,142,86,5813.77,1,0,2
1828,1829,2,320,6618.55,1,1,0
1829,1830,643,1,39.440000000000005,2,2,2
1830,1831,11,166,5562.06,1,1,1
1831,1832,9,55,1357.55,1,1,1
1832,1833,1,83,2991.81,1,1,1
1833,1834,53,135,3769.5,1,1,1
1834,1835,6,310,10995.710000000001,1,1,0
1835,1836,11,93,2991.96,1,1,1
1836,1837,5,160,7528.5,1,1,0
1837,1838,28,34,1179.61,1,1,1
1838,1839,4,99,1764.15,1,1,1
1839,1840,156,37,337.21,2,1,2
1840,1841,11,32,2401.78,1,1,1
1841,1842,7,19,906.65,1,1,1
1842,1843,30,42,770.15,1,1,1
1843,1844,4,83,1523.8,1,1,1
1844,1845,1,151,12647.61,1,1,0
1845,1846,4,25,690.39,1,1,1
1846,1847,3,103,2678.71,1,1,1
1847,1848,6,110,10848.11,1,1,0
1848,1849,3,162,2666.5,1,1,1
1849,1850,6,223,6882.11,1,1,0
1850,1851,16,41,1255.55,1,1,1
1851,1852,18,317,9800.02,1,1,0
1852,1853,10,36,274.39,1,1,1
1853,1854,3,273,7631.72,1,1,0
1854,1855,26,11,251.95,1,1,1
1855,1856,1,459,4661.53,1,1,0
1856,1857,1,82,1755.3,1,1,1
1857,1858,9,67,2860.07,1,1,1
1858,1859,5,35,1791.28,1,1,1
1859,1860,83,58,753.42,1,1,1
1860,1861,1,123,1868.45,1,1,1
1861,1862,28,142,2210.04,1,1,1
1862,1863,243,14,411.45,2,1,2
1863,1864,2,164,16941.58,1,1,0
1864,1865,5,161,6651.93,1,1,0
1865,1866,62,15,159.05,1,1,1
1866,1867,12,75,1093.51,1,1,1
1867,1868,2,39,700.96,1,1,1
1868,1869,1,119,3630.62,1,1,1
1869,1870,24,37,303.6,1,1,1
1870,1871,11,20,547.41,1,1,1
1871,1872,3,162,3762.9700000000003,1,1,1
1872,1873,5,269,5686.82,1,1,0
1873,1874,20,33,834.29,1,1,1
1874,1875,19,44,909.05,1,1,1
1875,1876,9,5,86.19,1,1,1
1876,1877,3,64,1975.04,1,1,1
1877,1878,10,35,625.64,1,1,1
1878,1879,4,274,4861.95,1,1,0
1879,1880,21,36,773.39,1,1,1
1880,1881,11,119,2913.96,1,1,1
1881,1882,33,26,405.54,1,1,1
1882,1883,7,126,2460.98,1,1,1
1883,1884,1,30,592.73,1,1,1
1884,1885,1,13,265.35,1,1,1
1885,1886,34,31,406.25,1,1,1
1886,1887,13,88,876.88,1,1,1
1887,1888,189,11,135.61,2,1,2
1888,1889,18,46,1803.8,1,1,1
1889,1890,1,51,1934.45,1,1,1
1890,1891,3,38,1344.71,1,1,1
1891,1892,1,307,5532.21,1,1,0
1892,1893,9,18,373.71,1,1,1
1893,1894,54,42,2335.47,1,1,1
1894,1895,38,49,927.5600000000001,1,1,1
1895,1896,2,129,3378.34,1,1,1
1896,1897,643,1,19.58,2,2,2
1897,1898,1,48,717.71,1,1,1
1898,1899,7,69,11276.8,1,1,0
1899,1900,5,56,8541.14,1,1,0
1900,1901,1,852,11462.24,1,0,0
1901,1902,21,21,1646.0,1,1,1
1902,1903,34,40,1152.32,1,1,1
1903,1904,42,28,304.26,1,1,1
1904,1905,14,81,1772.91,1,1,1
1905,1906,2,163,8631.61,1,1,0
1906,1907,1,388,8939.5,1,1,0
1907,1908,124,38,714.3100000000001,1,1,2
1908,1909,39,22,546.99,1,1,1
1909,1910,98,26,741.83,1,1,2
1910,1911,8,124,1601.27,1,1,1
1911,1912,19,96,2256.45,1,1,1
1912,1913,4,49,895.76,1,1,1
1913,1914,1,157,4075.9500000000003,1,1,1
1914,1915,4,28,485.8,1,1,1
1915,1916,20,150,2885.7,1,1,1
1916,1917,1,291,6788.0,1,1,0
1917,1918,8,69,3012.4900000000002,1,1,1
1918,1919,2,100,4154.95,1,1,1
1919,1920,1,93,1927.74,1,1,1
1920,1921,65,104,1460.12,1,1,1
1921,1922,6,113,3096.94,1,1,1
1922,1923,6,167,4870.31,1,1,1
1923,1924,4,221,6225.45,1,1,0
1924,1925,44,118,3019.2,1,1,1
1925,1926,11,73,2145.71,1,1,1
1926,1927,21,98,5097.28,1,1,1
1927,1928,3,114,2328.37,1,1,1
1928,1929,7,62,4395.83,1,1,1
1929,1930,21,182,2674.9,1,1,1
1930,1931,29,101,2211.08,1,1,1
1931,1932,2,74,2678.78,1,1,1
1932,1933,5,85,2180.2200000000003,1,1,1
1933,1934,163,15,542.87,2,1,2
1934,1935,1,177,12371.26,1,1,0
1935,1936,4,463,5029.86,1,1,0
1936,1937,8,158,6742.4400000000005,1,1,0
1937,1938,7,28,1032.95,1,1,1
1938,1939,6,75,3784.62,1,1,1
1939,1940,8,75,2392.72,1,1,1
1940,1941,2,135,742.85,1,1,1
1941,1942,5,151,3135.06,1,1,1
1942,1943,7,212,5116.58,1,1,0
1943,1944,7,180,10942.880000000001,1,1,0
1944,1945,24,19,1020.57,1,1,1
1945,1946,13,49,3312.46,1,1,1
1946,1947,2,90,7209.25,1,1,0
1947,1948,1,83,1602.32,1,1,1
1948,1949,6,54,1658.96,1,1,1
1949,1950,36,31,746.74,1,1,1
1950,1951,35,18,561.48,1,1,1
1951,1952,7,36,1003.87,1,1,1
1952,1953,6,113,2722.81,1,1,1
1953,1954,29,143,1965.65,1,1,1
1954,1955,8,156,7634.5,1,1,0
1955,1956,7,60,2174.55,1,1,1
1956,1957,28,44,1994.23,1,1,1
1957,1958,3,35,1017.86,1,1,1
1958,1959,41,104,5592.54,1,1,1
1959,1960,3,93,2637.78,1,1,1
1960,1961,19,92,1634.22,1,1,1
1961,1962,2,132,3512.55,1,1,1
1962,1963,8,50,2542.45,1,1,1
1963,1964,4,68,1990.1200000000001,1,1,1
1964,1965,4,163,4142.69,1,1,1
1965,1966,1,129,5307.89,1,1,1
1966,1967,7,73,1802.93,1,1,1
1967,1968,2,89,2479.97,1,1,1
1968,1969,1,230,2246.2,1,1,0
1969,1970,4,69,1091.08,1,1,1
1970,1971,16,155,5297.13,1,1,1
1971,1972,7,120,2435.73,1,1,1
1972,1973,126,130,1683.55,1,1,2
1973,1974,202,198,5266.0,2,0,2
1974,1975,2,363,17548.27,1,1,0
1975,1976,2,165,3546.81,1,1,1
1976,1977,72,30,357.99,1,1,1
1977,1978,2,89,1459.68,1,1,1
1978,1979,4,101,1146.67,1,1,1
1979,1980,50,54,4443.15,1,1,1
1980,1981,1,100,1450.68,1,1,1
1981,1982,1,160,4213.85,1,1,1
1982,1983,8,38,2497.9,1,1,1
1983,1984,67,3,38.94,1,1,1
1984,1985,1,156,8605.36,1,1,0
1985,1986,75,12,230.06,1,1,1
1986,1987,5,76,1973.54,1,1,1
1987,1988,8,184,7907.93,1,1,0
1988,1989,5,153,3052.87,1,1,1
1989,1990,10,131,4593.26,1,1,1
1990,1991,3,45,320.14,1,1,1
1991,1992,28,30,528.65,1,1,1
1992,1993,20,82,1359.33,1,1,1
1993,1994,1,43,1069.0,1,1,1
1994,1995,1,154,15332.43,1,1,0
1995,1996,4,119,2654.2,1,1,1
1996,1997,1,67,4295.68,1,1,1
1997,1998,5,331,2383.54,1,1,0
1998,1999,1,52,783.33,1,1,1
1999,2000,1,61,552.29,1,1,1
2000,2001,21,35,1214.28,1,1,1
2001,2002,25,63,2465.12,1,1,1
2002,2003,5,42,1976.48,1,1,1
2003,2004,1,248,10053.87,1,1,0
2004,2005,7,52,1439.19,1,1,1
2005,2006,1,111,4873.24,1,1,1
2006,2007,2,191,8887.75,1,1,0
2007,2008,12,68,2332.45,1,1,1
2008,2009,396,33,1506.88,2,0,2
2009,2010,4,58,1605.98,1,1,1
2010,2011,2,104,1367.34,1,1,1
2011,2012,7,303,8535.06,1,1,0
2012,2013,96,94,1182.47,1,1,2
2013,2014,8,44,1489.89,1,1,1
2014,2015,7,122,6628.7,1,1,0
2015,2016,12,126,1728.53,1,1,1
2016,2017,1,170,7106.62,1,1,0
2017,2018,4,148,4038.15,1,1,1
2018,2019,1,337,13160.5,1,1,0
2019,2020,7,252,8458.210000000001,1,1,0
2020,2021,9,77,1393.24,1,1,1
2021,2022,10,86,7875.78,1,1,0
2022,2023,2,109,1805.63,1,1,1
2023,2024,3,99,4956.99,1,1,1
2024,2025,27,33,1119.54,1,1,1
2025,2026,37,18,1181.63,1,1,1
2026,2027,22,133,1915.28,1,1,1
2027,2028,19,91,1984.73,1,1,1
2028,2029,41,46,1688.9,1,1,1
2029,2030,2,90,2628.1,1,1,1
2030,2031,29,15,306.37,1,1,1
2031,2032,8,66,1274.78,1,1,1
2032,2033,1,109,2512.78,1,1,1
2033,2034,1,140,3118.35,1,1,1
2034,2035,70,68,1083.6200000000001,1,1,1
2035,2036,3,49,4064.45,1,1,1
2036,2037,14,97,1743.97,1,1,1
2037,2038,9,59,1489.8,1,1,1
2038,2039,2,74,2260.46,1,1,1
2039,2040,13,422,2968.51,1,0,0
2040,2041,2,152,6406.99,1,1,0
2041,2042,29,29,4809.05,1,1,1
2042,2043,8,65,1640.79,1,1,1
2043,2044,63,49,1000.84,1,1,1
2044,2045,115,19,310.64,1,1,2
2045,2046,22,48,638.8,1,1,1
2046,2047,15,119,4816.35,1,1,1
2047,2048,27,47,1538.46,1,1,1
2048,2049,3,36,998.12,1,1,1
2049,2050,4,160,5193.22,1,1,1
2050,2051,250,288,4923.16,2,0,2
2051,2052,121,6,131.83,1,1,2
2052,2053,12,165,3351.34,1,1,1
2053,2054,5,26,217.6,1,1,1
2054,2055,1,133,2408.7400000000002,1,1,1
2055,2056,1,108,2450.8,1,1,1
2056,2057,1,125,3150.45,1,1,1
2057,2058,1,167,5970.57,1,1,0
2058,2059,2,54,2359.12,1,1,1
2059,2060,16,32,629.9,1,1,1
2060,2061,67,18,226.71,1,1,1
2061,2062,6,220,5357.62,1,1,0
2062,2063,6,81,2591.43,1,1,1
2063,2064,1,271,5424.85,1,1,0
2064,2065,3,89,3268.33,1,1,1
2065,2066,2,112,2141.78,1,1,1
2066,2067,10,6,120.01,1,1,1
2067,2068,16,108,2561.4,1,1,1
2068,2069,18,89,2068.17,1,1,1
2069,2070,2,635,9210.42,1,0,0
2070,2071,1,215,1732.97,1,1,0
2071,2072,36,12,278.28,1,1,1
2072,2073,129,72,1697.23,1,1,2
2073,2074,67,29,678.72,1,1,1
2074,2075,1,155,4736.51,1,1,1
2075,2076,7,252,8297.94,1,1,0
2076,2077,14,109,1835.18,1,1,1
2077,2078,2,92,2323.92,1,1,1
2078,2079,14,120,4802.87,1,1,1
2079,2080,1,130,5704.14,1,1,1
2080,2081,33,35,921.84,1,1,1
2081,2082,1,191,5082.41,1,1,1
2082,2083,1,383,8308.39,1,1,0
2083,2084,7,132,2937.95,1,1,1
2084,2085,1,359,12894.57,1,1,0
2085,2086,2,575,6269.54,1,1,0
2086,2087,8,227,7832.74,1,1,0
2087,2088,1,109,4905.71,1,1,1
2088,2089,18,34,159.96,1,1,1
2089,2090,15,56,1201.03,1,1,1
2090,2091,20,15,834.5600000000001,1,1,1
2091,2092,153,122,2290.54,1,1,2
2092,2093,51,19,490.98,1,1,1
2093,2094,4,75,3055.52,1,1,1
2094,2095,1,164,3790.49,1,1,1
2095,2096,121,26,1301.65,1,1,2
2096,2097,67,202,8823.83,1,0,0
2097,2098,80,13,682.46,1,1,1
2098,2099,16,53,691.3,1,1,1
2099,2100,3,71,3185.31,1,1,1
2100,2101,9,10,420.02,1,1,1
2101,2102,1,106,3619.76,1,1,1
2102,2103,7,30,361.01,1,1,1
2103,2104,83,29,494.57,1,1,1
2104,2105,11,35,899.92,1,1,1
2105,2106,220,52,2807.03,2,0,2
2106,2107,15,87,3409.06,1,1,1
2107,2108,4,131,1830.99,1,1,1
2108,2109,3,120,2508.2400000000002,1,1,1
2109,2110,8,222,12470.03,1,1,0
2110,2111,25,123,2590.37,1,1,1
2111,2112,1,132,5116.15,1,1,1
2112,2113,22,60,1599.08,1,1,1
2113,2114,24,156,3170.28,1,1,1
2114,2115,1,320,14774.86,1,1,0
2115,2116,4,224,12228.09,1,1,0
2116,2117,5,63,1050.39,1,1,1
2117,2118,4,29,1107.79,1,1,1
2118,2119,8,44,2295.16,1,1,1
2119,2120,15,72,1643.2,1,1,1
2120,2121,2,143,5582.79,1,1,1
2121,2122,1,12,441.84000000000003,1,1,1
2122,2123,2,59,4332.45,1,1,1
2123,2124,1,240,7859.41,1,1,0
2124,2125,1,113,4833.29,1,1,1
2125,2126,13,127,4713.85,1,1,1
2126,2127,5,26,1461.82,1,1,1
2127,2128,16,82,1877.71,1,1,1
2128,2129,5,163,7164.99,1,1,0
2129,2130,7,97,6060.39,1,1,1
2130,2131,30,140,3982.87,1,1,1
2131,2132,13,42,575.87,1,1,1
2132,2133,3,141,6759.92,1,1,0
2133,2134,1,89,9129.83,1,1,0
2134,2135,35,45,779.29,1,1,1
2135,2136,8,18,1552.43,1,1,1
2136,2137,27,186,2970.14,1,1,1
2137,2138,23,66,1878.48,1,1,1
2138,2139,1,372,4695.59,1,1,0
2139,2140,60,51,1567.89,1,1,1
2140,2141,3,90,5246.67,1,1,1
2141,2142,1,106,7631.12,1,1,0
2142,2143,102,9,298.65,1,1,2
2143,2144,70,49,2265.9,1,1,1
2144,2145,28,38,1090.6200000000001,1,1,1
2145,2146,18,58,1692.54,1,1,1
2146,2147,2,96,5706.01,1,1,1
2147,2148,1,124,3263.92,1,1,1
2148,2149,10,112,3703.42,1,1,1
2149,2150,121,8,69.32,1,1,2
2150,2151,13,41,834.27,1,1,1
2151,2152,85,25,156.55,1,1,1
2152,2153,18,41,933.4300000000001,1,1,1
2153,2154,3,120,2523.34,1,1,1
2154,2155,42,11,313.83,1,1,1
2155,2156,9,108,5874.46,1,1,1
2156,2157,114,12,390.7,1,1,2
2157,2158,3,131,3194.17,1,1,1
2158,2159,4,121,2018.95,1,1,1
2159,2160,20,57,748.07,1,1,1
2160,2161,13,40,2064.11,1,1,1
2161,2162,2,180,13923.45,1,1,0
2162,2163,38,14,356.09999999999997,1,1,1
2163,2164,312,40,1596.48,2,1,2
2164,2165,71,11,182.1,1,1,1
2165,2166,205,30,84.21,2,1,2
2166,2167,21,75,1714.61,1,1,1
2167,2168,1,197,5666.66,1,1,0
2168,2169,17,40,857.96,1,1,1
2169,2170,1,266,6198.89,1,1,0
2170,2171,3,107,4031.08,1,1,1
2171,2172,7,99,2408.11,1,1,1
2172,2173,2,86,2177.52,1,1,1
2173,2174,32,39,644.33,1,1,1
2174,2175,41,17,610.22,1,1,1
2175,2176,30,195,2601.56,1,1,1
2176,2177,104,3,133.5,1,1,2
2177,2178,102,152,3681.13,1,1,1
2178,2179,1,46,1452.29,1,1,1
2179,2180,84,44,936.39,1,1,1
2180,2181,10,55,3074.45,1,1,1
2181,2182,13,85,1530.52,1,1,1
2182,2183,6,173,4093.12,1,1,1
2183,2184,5,260,5094.8,1,1,0
2184,2185,2,106,8550.73,1,1,0
2185,2186,10,113,5469.53,1,1,1
2186,2187,21,46,2667.13,1,1,1
2187,2188,3,129,3917.34,1,1,1
2188,2189,4,91,1335.47,1,1,1
2189,2190,1,225,9520.85,1,1,0
2190,2191,1,15,780.92,1,1,1
2191,2192,5,29,492.03,1,1,1
2192,2193,9,117,9155.01,1,1,0
2193,2194,1,404,7169.78,1,1,0
2194,2195,7,84,1180.72,1,1,1
2195,2196,3,65,1153.05,1,1,1
2196,2197,11,48,670.43,1,1,1
2197,2198,1,403,7205.88,1,1,0
2198,2199,6,155,5639.17,1,1,1
2199,2200,6,197,8673.11,1,1,0
2200,2201,640,2,27.509999999999998,2,2,2
2201,2202,1,18,319.90000000000003,1,1,1
2202,2203,1,103,5239.09,1,1,1
2203,2204,11,190,2646.05,1,1,1
2204,2205,4,107,1978.76,1,1,1
2205,2206,1,41,502.25,1,1,1
2206,2207,18,372,4866.06,1,1,0
2207,2208,14,193,9456.83,1,1,0
2208,2209,3,232,6996.68,1,1,0
2209,2210,64,34,1727.97,1,1,1
2210,2211,5,78,2292.52,1,1,1
2211,2212,33,46,251.33,1,1,1
2212,2213,20,55,3505.21,1,1,1
2213,2214,1,15,450.87,1,1,1
2214,2215,1,132,2402.11,1,1,1
2215,2216,3,34,454.57,1,1,1
2216,2217,4,192,4430.01,1,1,1
2217,2218,3,19,975.25,1,1,1
2218,2219,10,23,1077.42,1,1,1
2219,2220,68,15,215.58,1,1,1
2220,2221,3,113,2301.4,1,1,1
2221,2222,5,40,3076.27,1,1,1
2222,2223,31,300,2059.76,1,1,0
2223,2224,1,106,3984.1,1,1,1
2224,2225,1,98,3352.07,1,1,1
2225,2226,2,640,8917.54,1,0,0
2226,2227,62,173,4893.9,1,1,1
2227,2228,12,202,5298.05,1,1,0
2228,2229,5,56,2415.4900000000002,1,1,1
2229,2230,50,38,1195.65,1,1,1
2230,2231,3,94,4400.26,1,1,1
2231,2232,2,37,1131.65,1,1,1
2232,2233,3,273,8440.77,1,1,0
2233,2234,2,192,7971.57,1,1,0
2234,2235,7,89,3824.87,1,1,1
2235,2236,24,219,2880.5,1,1,0
2236,2237,7,158,4941.52,1,1,1
2237,2238,9,180,2479.46,1,1,1
2238,2239,21,43,1787.48,1,1,1
2239,2240,1,216,5413.2,1,1,0
2240,2241,1,79,1505.67,1,1,1
2241,2242,3,118,1239.07,1,1,1
2242,2243,5,44,4019.71,1,1,1
2243,2244,1,324,5477.2,1,1,0
2244,2245,1,178,4614.02,1,1,1
2245,2246,260,5,321.35,2,1,2
2246,2247,1,90,3992.67,1,1,1
2247,2248,9,26,937.23,1,1,1
2248,2249,407,3,181.51,2,2,2
2249,2250,3,68,2333.16,1,1,1
2250,2251,50,26,2022.54,1,1,1
2251,2252,1,346,9489.82,1,1,0
2252,2253,20,29,450.33,1,1,1
2253,2254,143,80,1270.35,1,1,2
2254,2255,63,21,570.03,1,1,1
2255,2256,2,30,1497.56,1,1,1
2256,2257,8,75,791.54,1,1,1
2257,2258,1,49,1574.94,1,1,1
2258,2259,1,16,589.17,1,1,1
2259,2260,5,133,7456.64,1,1,0
2260,2261,1,429,13379.78,1,1,0
2261,2262,1,151,1491.0,1,1,1
2262,2263,3,460,5763.97,1,1,0
2263,2264,2,315,16960.59,1,1,0
2264,2265,640,3,77.44,2,2,2
2265,2266,8,148,8754.12,1,1,0
2266,2267,3,67,2304.15,1,1,1
2267,2268,54,23,668.96,1,1,1
2268,2269,5,209,3273.95,1,1,0
2269,2270,1,312,4728.67,1,1,0
2270,2271,34,46,361.88,1,1,1
2271,2272,13,70,2244.17,1,1,1
2272,2273,8,52,1594.87,1,1,1
2273,2274,3,71,6974.46,1,1,0
2274,2275,6,134,2789.51,1,1,1
2275,2276,38,31,1007.97,1,1,1
2276,2277,4,126,3888.44,1,1,1
2277,2278,25,46,1160.57,1,1,1
2278,2279,7,59,972.47,1,1,1
2279,2280,4,228,12332.91,1,1,0
2280,2281,2,105,5008.79,1,1,1
2281,2282,3,79,1103.88,1,1,1
2282,2283,21,17,1389.3700000000001,1,1,1
2283,2284,2,265,17152.63,1,1,0
2284,2285,14,73,2057.9,1,1,1
2285,2286,53,26,989.26,1,1,1
2286,2287,10,33,833.51,1,1,1
2287,2288,1,157,2093.06,1,1,1
2288,2289,3,88,2428.06,1,1,1
2289,2290,18,70,916.97,1,1,1
2290,2291,47,55,439.03000000000003,1,1,1
2291,2292,2,116,1336.14,1,1,1
2292,2293,2,45,2462.95,1,1,1
2293,2294,30,186,8381.66,1,1,0
2294,2295,21,98,8003.99,1,1,0
2295,2296,1,230,13404.83,1,1,0
2296,2297,14,45,698.36,1,1,1
2297,2298,1,83,2709.53,1,1,1
2298,2299,6,62,2057.89,1,1,1
2299,2300,6,118,4615.35,1,1,1
2300,2301,2,137,4661.63,1,1,1
2301,2302,29,74,1960.24,1,1,1
2302,2303,6,66,2158.85,1,1,1
2303,2304,138,88,240.09,1,1,2
2304,2305,8,123,6320.64,1,1,1
2305,2306,371,8,62.06,2,1,2
2306,2307,3,179,6009.24,1,1,0
2307,2308,14,31,582.45,1,1,1
2308,2309,76,12,275.01,1,1,1
2309,2310,7,74,1389.32,1,1,1
2310,2311,4,58,1830.83,1,1,1
2311,2312,3,321,14682.81,1,1,0
2312,2313,1,11,105.69,1,1,1
2313,2314,17,86,5078.05,1,1,1
2314,2315,1,9,266.1,1,1,1
2315,2316,135,27,751.89,1,1,2
2316,2317,7,150,13967.37,1,1,0
2317,2318,90,366,10685.72,1,0,0
2318,2319,3,117,1148.68,1,1,1
2319,2320,26,25,369.59000000000003,1,1,1
2320,2321,5,18,336.09000000000003,1,1,1
2321,2322,1,323,23646.920000000002,1,0,0
2322,2323,28,29,781.34,1,1,1
2323,2324,9,146,2671.77,1,1,1
2324,2325,15,3,106.36,1,1,1
2325,2326,4,47,1322.87,1,1,1
2326,2327,23,43,1267.76,1,1,1
2327,2328,3,166,14193.61,1,1,0
2328,2329,131,100,2722.37,1,1,2
2329,2330,3,73,5683.36,1,1,1
2330,2331,15,103,5903.55,1,1,1
2331,2332,62,16,353.8,1,1,1
2332,2333,3,24,270.6,1,1,1
2333,2334,1,361,11955.380000000001,1,1,0
2334,2335,7,53,1955.25,1,1,1
2335,2336,13,76,2384.25,1,1,1
2336,2337,3,1210,11703.97,1,0,0
2337,2338,1,69,2111.55,1,1,1
2338,2339,26,10,262.42,1,1,1
2339,2340,6,149,2996.82,1,1,1
2340,2341,15,306,5698.38,1,1,0
2341,2342,1,196,5934.36,1,1,0
2342,2343,3,240,4627.4800000000005,1,1,0
2343,2344,1,57,2690.84,1,1,1
2344,2345,14,109,4278.51,1,1,1
2345,2346,3,30,1220.38,1,1,1
2346,2347,1,93,3232.55,1,1,1
2347,2348,55,56,278.87,1,1,1
2348,2349,8,72,2100.28,1,1,1
2349,2350,3,46,1915.65,1,1,1
2350,2351,4,322,16616.78,1,1,0
2351,2352,33,43,1255.85,1,1,1
2352,2353,24,14,412.75,1,1,1
2353,2354,8,80,4821.89,1,1,1
2354,2355,58,16,111.34,1,1,1
2355,2356,95,98,2159.78,1,1,2
2356,2357,50,29,234.37,1,1,1
2357,2358,4,79,2423.25,1,1,1
2358,2359,15,174,2806.27,1,1,1
2359,2360,4,343,9394.58,1,1,0
2360,2361,15,90,4528.71,1,1,1
2361,2362,50,41,520.29,1,1,1
2362,2363,33,43,843.76,1,1,1
2363,2364,6,117,7414.1,1,1,0
2364,2365,487,7,313.65,2,0,2
2365,2366,7,168,5500.03,1,1,1
2366,2367,4,142,4495.53,1,1,1
2367,2368,39,27,1377.69,1,1,1
2368,2369,3,76,2709.79,1,1,1
2369,2370,3,172,5307.52,1,1,1
2370,2371,6,98,2138.71,1,1,1
2371,2372,6,71,3208.19,1,1,1
2372,2373,15,124,2585.6,1,1,1
2373,2374,29,82,6249.35,1,1,1
2374,2375,7,114,2841.4,1,1,1
2375,2376,4,183,3925.4900000000002,1,1,1
2376,2377,2,82,1107.54,1,1,1
2377,2378,2,154,8311.08,1,1,0
2378,2379,19,56,1323.34,1,1,1
2379,2380,4,177,5018.78,1,1,1
2380,2381,5,92,2185.28,1,1,1
2381,2382,110,36,822.64,1,1,2
2382,2383,63,18,555.64,1,1,1
2383,2384,4,19,801.41,1,1,1
2384,2385,3,306,6158.06,1,1,0
2385,2386,6,51,1056.96,1,1,1
2386,2387,12,33,865.7,1,1,1
2387,2388,3,63,1703.02,1,1,1
2388,2389,24,62,1485.44,1,1,1
2389,2390,88,47,1046.59,1,1,1
2390,2391,105,54,633.92,1,1,2
2391,2392,2,39,1428.9,1,1,1
2392,2393,4,61,4048.29,1,1,1
2393,2394,10,84,1538.01,1,1,1
2394,2395,17,227,5262.3,1,1,0
2395,2396,70,17,550.48,1,1,1
2396,2397,8,35,1095.1,1,1,1
2397,2398,67,76,2035.1,1,1,1
2398,2399,29,10,188.49,1,1,1
2399,2400,1,391,14681.32,1,1,0
2400,2401,11,67,727.45,1,1,1
2401,2402,1,36,1088.9,1,1,1
2402,2403,110,10,118.69,1,1,2
2403,2404,20,18,559.76,1,1,1
2404,2405,6,151,3425.7,1,1,1
2405,2406,17,138,4860.81,1,1,1
2406,2407,3,179,6665.22,1,1,0
2407,2408,20,26,2108.17,1,1,1
2408,2409,8,8,906.5500000000001,1,1,1
2409,2410,19,63,2636.57,1,1,1
2410,2411,9,76,2019.25,1,1,1
2411,2412,2,279,12763.78,1,1,0
2412,2413,94,17,301.41,1,1,1
2413,2414,112,6,178.68,1,1,2
2414,2415,5,126,1676.34,1,1,1
2415,2416,1,110,4422.9800000000005,1,1,1
2416,2417,6,9,196.11,1,1,1
2417,2418,5,113,1572.61,1,1,1
2418,2419,20,65,1199.3700000000001,1,1,1
2419,2420,46,102,4583.46,1,1,1
2420,2421,7,81,8749.76,1,1,0
2421,2422,271,5,368.07,2,1,2
2422,2423,1,59,2838.62,1,1,1
2423,2424,2,113,4122.83,1,1,1
2424,2425,2,119,4361.02,1,1,1
2425,2426,9,115,2437.06,1,1,1
2426,2427,2,346,8725.94,1,1,0
2427,2428,10,19,323.27,1,1,1
2428,2429,9,66,1807.16,1,1,1
2429,2430,57,60,1885.95,1,1,1
2430,2431,13,43,978.85,1,1,1
2431,2432,3,238,4948.11,1,1,0
2432,2433,94,30,609.75,1,1,1
2433,2434,40,23,771.51,1,1,1
2434,2435,9,46,3303.85,1,1,1
2435,2436,116,15,972.68,1,1,2
2436,2437,13,74,4841.9400000000005,1,1,1
2437,2438,1,184,3061.58,1,1,1
2438,2439,6,72,596.88,1,1,1
2439,2440,1,139,2563.57,1,1,1
2440,2441,10,99,1223.56,1,1,1
2441,2442,21,36,624.33,1,1,1
2442,2443,259,153,4029.19,2,0,2
2443,2444,3,6,69.94,1,1,1
2444,2445,2,217,6546.05,1,1,0
2445,2446,5,190,6455.78,1,1,0
2446,2447,5,132,7520.9400000000005,1,1,0
2447,2448,7,205,9300.73,1,1,0
2448,2449,1,290,10866.87,1,1,0
2449,2450,14,84,3060.77,1,1,1
2450,2451,5,192,8335.74,1,1,0
2451,2452,2,146,3060.36,1,1,1
2452,2453,7,110,4551.68,1,1,1
2453,2454,8,30,392.87,1,1,1
2454,2455,2,109,5339.03,1,1,1
2455,2456,10,76,1271.24,1,1,1
2456,2457,33,77,1540.47,1,1,1
2457,2458,3,56,1118.33,1,1,1
2458,2459,8,971,20671.5,1,0,0
2459,2460,1,32,966.05,1,1,1
2460,2461,14,22,1051.1,1,1,1
2461,2462,2,189,11593.06,1,1,0
2462,2463,217,12,158.42,2,1,2
2463,2464,17,51,1121.48,1,1,1
2464,2465,26,165,2089.29,1,1,1
2465,2466,2,99,2581.82,1,1,1
2466,2467,3,396,12850.56,1,1,0
2467,2468,50,90,2506.89,1,1,1
2468,2469,19,37,660.92,1,1,1
2469,2470,22,91,1042.06,1,1,1
2470,2471,1,52,947.61,1,1,1
2471,2472,6,42,1220.81,1,1,1
2472,2473,109,9,330.68,1,1,2
2473,2474,22,49,511.41,1,1,1
2474,2475,27,124,5079.02,1,1,1
2475,2476,231,14,403.26,2,1,2
2476,2477,22,40,1871.22,1,1,1
2477,2478,6,146,3354.42,1,1,1
2478,2479,6,136,14279.7,1,1,0
2479,2480,25,29,1716.05,1,1,1
2480,2481,2,148,5403.5,1,1,1
2481,2482,30,71,2728.77,1,1,1
2482,2483,4,83,1770.91,1,1,1
2483,2484,5,157,7824.64,1,1,0
2484,2485,6,82,1502.2,1,1,1
2485,2486,1,83,3265.52,1,1,1
2486,2487,26,26,601.25,1,1,1
2487,2488,8,119,6327.51,1,1,1
2488,2489,10,139,9403.42,1,1,0
2489,2490,16,33,699.16,1,1,1
2490,2491,142,62,950.77,1,1,2
2491,2492,2,133,2858.85,1,1,1
2492,2493,169,111,2588.73,2,1,2
2493,2494,10,35,2120.93,1,1,1
2494,2495,68,20,209.0,1,1,1
2495,2496,29,63,4339.66,1,1,1
2496,2497,12,221,7111.9800000000005,1,1,0
2497,2498,2,172,2601.6,1,1,1
2498,2499,3,90,3394.07,1,1,1
2499,2500,4,113,5486.16,1,1,1
