algorithm_name,item_level,min_support,min_confidence,min_lift,frequent_itemset_count,rule_count,avg_support,avg_confidence,avg_lift,max_lift,runtime_seconds,memory_usage_mb,memory_delta_mb,input_row_count,input_basket_count,input_item_count,precision_at_5,recall_at_5,hit_rate_at_5,coverage,final_quality_score,accepted,notes
Apriori,product_category,0.01,0.6,1.5,2381,969,0.014987,0.669811,3.120423,12.151841,13.2841,115.9258,1.6133,860725,124418,301,0.16568,0.04817,0.245517,0.026667,0.380741,True,"Frequent itemsets mined once per support threshold and reused across confidence/lift thresholds. | Pure-Python Apriori used 124,418 transactions with support count >= 1,245."
Apriori,product_category,0.005,0.5,1.3,10007,5983,0.009133,0.62923,3.333662,16.260989,44.5496,128.1914,11.2695,860725,124418,301,0.173557,0.10892,0.395153,0.063333,0.619483,False,"Frequent itemsets mined once per support threshold and reused across confidence/lift thresholds. | Pure-Python Apriori used 124,418 transactions with support count >= 623."
Apriori,product_category,0.003,0.4,1.2,24452,19727,0.006269,0.558931,3.658551,17.97984,35.9778,156.2852,26.0312,860725,124418,301,0.134964,0.133033,0.430722,0.13,0.590004,False,"Frequent itemsets mined once per support threshold and reused across confidence/lift thresholds. | Pure-Python Apriori used 124,418 transactions with support count >= 374."
Apriori,product_category,0.001,0.3,1.0,104312,98818,0.003107,0.453466,4.279522,25.768796,41.8784,277.6602,117.1054,860725,124418,301,0.112207,0.131721,0.382972,0.3,0.535544,False,"Frequent itemsets mined once per support threshold and reused across confidence/lift thresholds. | Pure-Python Apriori used 124,418 transactions with support count >= 125."
FP-Growth,product_category,0.01,0.6,1.5,2381,969,0.014987,0.669811,3.120423,12.151841,7.1825,322.7578,159.3906,860725,124418,301,0.16568,0.04817,0.245517,0.026667,0.380741,True,"Frequent itemsets mined once per support threshold and reused across confidence/lift thresholds. | Pure-Python FP-Growth used 124,418 transactions with support count >= 1,245."
FP-Growth,product_category,0.005,0.5,1.3,10007,5983,0.009133,0.62923,3.333662,16.260989,17.0502,347.957,26.1836,860725,124418,301,0.173557,0.10892,0.395153,0.063333,0.619483,False,"Frequent itemsets mined once per support threshold and reused across confidence/lift thresholds. | Pure-Python FP-Growth used 124,418 transactions with support count >= 623."
FP-Growth,product_category,0.003,0.4,1.2,24452,19727,0.006269,0.558931,3.658551,17.97984,21.7894,379.7656,31.3281,860725,124418,301,0.134964,0.133033,0.430722,0.13,0.590004,False,"Frequent itemsets mined once per support threshold and reused across confidence/lift thresholds. | Pure-Python FP-Growth used 124,418 transactions with support count >= 374."
FP-Growth,product_category,0.001,0.3,1.0,104312,98818,0.003107,0.453466,4.279522,25.768796,54.5183,413.1562,36.3789,860725,124418,301,0.112207,0.131721,0.382972,0.3,0.535544,False,"Frequent itemsets mined once per support threshold and reused across confidence/lift thresholds. | Pure-Python FP-Growth used 124,418 transactions with support count >= 125."
ECLAT,product_category,0.01,0.6,1.5,2381,969,0.014987,0.669811,3.120423,12.151841,3.4897,300.4844,46.8125,860725,124418,301,0.16568,0.04817,0.245517,0.026667,0.380741,True,"ECLAT frequent itemsets mined once per support threshold and reused across confidence/lift thresholds. | Vertical representation built with 150 items meeting support count >= 1,245."
ECLAT,product_category,0.005,0.5,1.3,10007,5983,0.009133,0.62923,3.333662,16.260989,4.9961,306.5664,6.0781,860725,124418,301,0.173557,0.10892,0.395153,0.063333,0.619483,False,ECLAT frequent itemsets mined once per support threshold and reused across confidence/lift thresholds. | Vertical representation built with 188 items meeting support count >= 623.
ECLAT,product_category,0.003,0.4,1.2,24452,19727,0.006269,0.558931,3.658551,17.97984,8.2154,311.0625,4.4414,860725,124418,301,0.134964,0.133033,0.430722,0.13,0.590004,False,ECLAT frequent itemsets mined once per support threshold and reused across confidence/lift thresholds. | Vertical representation built with 214 items meeting support count >= 374.
ECLAT,product_category,0.001,0.3,1.0,104312,98818,0.003107,0.453466,4.279522,25.768796,10.8317,392.0234,81.2461,860725,124418,301,0.112207,0.131721,0.382972,0.3,0.535544,False,ECLAT frequent itemsets mined once per support threshold and reused across confidence/lift thresholds. | Vertical representation built with 247 items meeting support count >= 125.
