antecedents,consequents,support,confidence,lift
BAKED BREAD/BUNS/ROLLS | FROZEN,REFRIGERATED,0.001356,0.492991,25.494496
CHEESE | FROZEN,REFRIGERATED,0.001079,0.481375,24.893823
FROZEN | TROPICAL FRUIT,REFRIGERATED,0.001079,0.45283,23.417639
DIAPERS & DISPOSABLES | TROPICAL FRUIT,BABY HBC,0.001111,0.32397,22.674844
BLEACH | LAUNDRY DETERGENTS,LAUNDRY ADDITIVES,0.001645,0.347354,21.688246
FLUID MILK PRODUCTS | FROZEN,REFRIGERATED,0.001054,0.417303,21.580378
FROZEN,REFRIGERATED,0.002306,0.408884,21.144999
INFANT CARE PRODUCTS,BABY FOODS,0.001304,0.314729,20.463806
BLEACH | LAUNDRY ADDITIVES,LAUNDRY DETERGENTS,0.001645,0.635236,20.375058
BATH TISSUES | CAT LITTER,CAT FOOD,0.001054,0.5,20.352903
CAT LITTER | SOUP,CAT FOOD,0.001073,0.492625,20.052712
HOUSEHOLD CLEANG NEEDS | LAUNDRY DETERGENTS,LAUNDRY ADDITIVES,0.001702,0.315101,19.674415
CAT LITTER | TROPICAL FRUIT,CAT FOOD,0.001169,0.470284,19.143299
HAIR CARE PRODUCTS | LAUNDRY DETERGENTS,LAUNDRY ADDITIVES,0.001156,0.302521,18.888936
CAT LITTER | CHEESE,CAT FOOD,0.001683,0.458042,18.644967
CAT LITTER | FLUID MILK PRODUCTS,CAT FOOD,0.002229,0.452412,18.415795
BAKED BREAD/BUNS/ROLLS | CAT LITTER,CAT FOOD,0.001934,0.445266,18.124922
DISHWASH DETERGENTS | LAUNDRY ADDITIVES,LAUNDRY DETERGENTS,0.001516,0.559242,17.937565
BEEF | CAT LITTER,CAT FOOD,0.001208,0.440281,17.921994
CAT LITTER | SOFT DRINKS,CAT FOOD,0.002017,0.439161,17.876396
